Catálogo de Livros da Ateliê Editoral,,,,
,,,,
Lista gerada em 29/06/2020 - 22:28:52,,,,
,,,,
,,,,
Titulo,Isbn,Autor,Assunto,Valor
50 Tons da Vida,97-885-7480-817-8,Roberto Livianu,"Literatura brasileira, Crônicas","R$39,90"
530 Gramas de Ilustrações,85-7480-002-3,Marcelo Cipis,"Arte, Ilustração e pintura, Humor","R$63,00"
A Um - Poemas,85-85851-40-6,Robert Creeley,"Poesia, Literatura estrangeira, Bilíngue, Ilustrado, Tradução","R$41,00"
A.S.A. - Associação dos Solitários Anônimos,85-7480-132-1,Rosario Fusco,"Literatura brasileira, Romance","R$58,00"
"Acústica Musical em Palavras e Sons, A",978-85-7480-649-5,Flo Menezes,"Ilustrado, Música","R$81,00"
Adeus Penderama e Outros Escritos,978-85-7480-377-7,José Paulo Cavalcanti Filho,"Memória, Literatura brasileira","R$42,00"
Adoniran Barbosa - O Poeta da Cidade,85-7480-114-3,Francisco Rocha,"Música, Memória, Ilustrado","R$53,00"
Adorável Criatura Frankenstein,85-7480-215-8,Ademir Assunção,"Literatura brasileira, Romance","R$42,00"
"Afeto Autoritário, O - Televisão, Ética e Democracia",85-7480-230-1,Renato Janine Ribeiro,"Comunicação, Sociologia e Sociedade, Cultura","R$42,00"
"Afinador de Passarinhos, O",978-85-7480-550-4,Gil Perini,"Literatura brasileira, Contos","R$38,00"
Albert Camus - Um Elogio do Ensaio,85-85851-70-8,Manuel da Costa Pinto,"Crítica literária, Literatura estrangeira","R$42,00"
Aldo Manuzio - Editor. Tipógrafo. Livreiro,85-7480-235-2,Enric Satué,"Design, Tipografia, Artes gráficas, Ilustrado","R$68,00"
Alguma Crítica,85-7480-068-6,João Alexandre Barbosa,"Crítica literária, Literatura","R$55,00"
Almanaque Tipográfico Brasileiro,978-85-7480-418-7,Carlos M. Horcades,"Design, Tipografia, Almanaque, Artes gráficas, Ilustrado","R$67,00"
Alongamento,85-7480-264-6,Sérgio Medeiros,"Literatura brasileira, Poesia","R$51,00"
"Altar & o Trono, O - Dinâmica do Poder em O Alienista",978-85-7480-511-5,Ivan Teixeira,"Literatura brasileira, Crítica literária","R$106,00"
Amaro Macedo - O Solitário do Cerrado,978-85-7480-430-9,"Gil Felippe, Maria do Carmo Duarte Macedo","Memória, Biografia, Botânica, Ilustrado","R$39,00"
Amers / Marcas Marinhas,85-7480-193-3,"Saint-John Perse, Mauro Gama","Poesia, Literatura estrangeira, Bilíngue","R$86,00"
Ancora Medicinal para Conservar a Vida com Saúde,85-7480-195-X,Francisco da Fonseca Henriquez,"Gastronomia, Culinária, Medicina e Saúde","R$92,00"
Andaimes,978-85-7480-316-6,Milton Torres,"Literatura brasileira, Poesia","R$58,00"
"Anfiteatro, O - Textos sobre Medicina",85-7480-066-X,Pedro Nava,"Memória, Medicina e Saúde, Ilustrado","R$40,00"
Angola e Moçambique - Experiência Colonial e Territórios Literários,85-7480-251-4,Rita Chaves,"Crítica literária, Literatura africana","R$45,00"
Angu de Sangue - 3a. ed.,978-85-7480-835-2,Marcelino Freire,"Contos, Ilustrado, Literatura brasileira","R$52,00"
Anima Mundi,85-7480-263-8,Ricardo Pires de Souza,"Literatura brasileira, Poesia","R$79,00"
Animal de Silêncios,85-7480-123-2,Jaime Labastida,"Poesia, Literatura estrangeira, Bilíngue","R$39,00"
"Anos de Exílio do Jovem Mallarmé, Os",978-85-7480-366-1,Joaquim Brasil Fontes,"Crítica literária, Literatura estrangeira","R$42,00"
Antologia da Poesia Erótica Brasileira,978-85-7480-703-4,Eliane Robert Moraes,"Ilustrado, Literatura brasileira, Poesia","R$92,00"
Antologia Fantástica da Literatura Antiga,978-85-7480-740-9,Marcelo Castel Cid,"Cultura grega, Literatura, Literatura clássica","R$76,00"
Antologia Poética,85-7480-067-8,Jorge Wanderley,"Literatura brasileira, Poesia","R$58,00"
Antologia Poética - 1987-2017,978-85-7480-781-2,Marcelo Sandmann,Poesia,"R$39,90"
Ao Vires Isto - Gertrude Stein,978-8574-8081-16,"João Queiroz, Daniella Aguiar, Luci Collin","Teoria literária, Literatura, Crítica literária","R$44,90"
Apoteose de Schoenberg,85-7480-109-7,Flo Menezes,"Música, Crítica musical","R$83,00"
Arabia Brasilica,978-85-7480-751-5,Alberto Sismondini,"Crítica literária, Cultura árabe, Cultura islâmica, Teoria literária","R$45,00"
"Arca de Noésio, A",85-85851-18-X,Gustavo Martins,"Literatura brasileira, Infantil, Ilustrado","R$19,00"
"Arquétipos Literários, Os",85-85851-72-4,Eleazar M. Meletínski,"Teoria literária, Literatura","R$39,50"
"Arquétipos Literários, Os - 3a ed.",978-85-7480-837-6,Eleazar M. Meletínski,"Crítica literária, Teoria literária","R$45,00"
Arquivos Literários,85-7480-155-0,"Eneida Maria de Souza, Wander Melo Miranda","Literatura brasileira, Crítica literária","R$46,00"
"Arte da Automutilação, A",978-85-7480-642-6,Felipe Lion,"Literatura brasileira, Poesia","R$47,00"
"Arte de Argumentar, A - Gerenciando Razão e Emoção",85-85851-81-3,Antônio Suárez Abreu,"Comunicação, Argumentação, Escrita","R$49,00"
"Arte do Zajal, A - Estudo de Poética Árabe",978-85-7480-381-4,Michel Sleiman,"Crítica literária, Poesia, Cultura árabe","R$54,00"
"Arte Invisível ou a Arte do Livro, A",85-7480-177-1,Plinio Martins Filho,"Design, Tipografia, Livros sobre livros, Artes gráficas, Ilustrado","R$42,00"
"Arte, Dor - Inquietudes entre Estética e Psicanálise",978-85-7480-248-0,João A. Frayze-Pereira,"Arte, Psicanálise e Psicologia, Ilustrado","R$98,00"
Artigas e Cascaldi - Arquitetura em Londrina,85-7480-156-9,Juliana Suzuki,"Arquitetura, Ilustrado","R$71,00"
Até a Margem do Grande Rio,978-85-7480-575-7,Edu Campos,"Literatura brasileira, Contos, Fotografia, Ilustrado","R$42,00"
"Ateneu, O",978-85-7480-756-0,"Emília Amaral, Raul Pompeia","Literatura brasileira, Romance, Ilustrado","R$38,00"
Auto da Barca do Inferno,978-85-7480-590-0,"Gil Vicente, Ivan Teixeira","Idade média, Cultura medieval, Literatura portuguesa, Literatura medieval, Teatro, Ilustrado","R$27,50"
"Bailadora Andaluza, A - A Explosão do Sagrado na Poesia de João Cabral",85-85851-20-1,Waldecy Tenório,"Literatura brasileira, Crítica literária","R$43,00"
"Balada do Velho Marinheiro, A",85-7480-273-5,"Alípio Correia de Franca Neto, Samuel Taylor Coleridge","Poesia, Literatura estrangeira, Bilíngue, Ilustrado, Tradução","R$76,00"
BaléRalé,85-7480-174-7,Marcelino Freire,"Literatura brasileira, Contos","R$48,00"
Baldio - poemas (2009-2017),978-85-7480-791-1,Rodrigo Madeira,Poesia,"R$44,90"
Balão Cativo,85-7480-006-6,Pedro Nava,"Memória, Literatura brasileira","R$72,00"
"Banda das Velhas Virgens, A - 18 Anos de Bar em Bar",85-7480-304-9,"Alexandre Cavalo, Ricardo dos Santos Gozzi","Música, Memória, Biografia, Ilustrado","R$39,80"
"Batalha dos Livros, A",978-85-7480-773-7,Lincoln Secco,"Livros sobre livros, Política, História","R$46,00"
Beauty & Fashion,85-7480-161-5,Mário Cafiero,"Arte, Ilustração e pintura, Humor","R$76,00"
Beira-Mar,85-7480-147-X,Pedro Nava,"Memória, Literatura brasileira","R$78,00"
Bibliomania,978-85-7480-722-5,"Lincoln Secco, Marisa Midori Deaecto","Livros sobre livros, Bibliofilia","R$59,00"
Biblioteca,978-85-7480-641-9,Luís Milanesi,"Livros sobre livros, Biblioteconomia","R$33,00"
"Biblioteca Imaginária, A",85-85851-13-9,João Alexandre Barbosa,"Crítica literária, Literatura","R$44,00"
"Bicho Urucutum, O",85-85851-56-2,Pedro Nava,"Memória, Literatura brasileira, Ilustrado","R$43,00"
Bilhete Seco,978-85-7480-563-4,Elisa Nazarian,"Literatura brasileira, Contos","R$48,00"
Bom Crioulo,978-85-7480-684-6,"Salete de Almeida Cara, Adolfo Caminha","Literatura brasileira, Romance, Ilustrado","R$38,00"
Bovarismo e Romance - Madame Bovary e Lady Oracle,85-7480-032-5,Andrea Saad Hossne,"Crítica literária, Literatura estrangeira","R$53,00"
Branco sobre Branco,978-85-7480-429-3,Guilherme Zarvos,"Cultura, Ilustrado","R$55,00"
Brasil: Paisagens de Exceção - O Litoral e o Pantanal Mato-grossense: Patrimônios Básicos,978-85-7480-754-6,Aziz Ab Sáber,"Geografia, Ecologia, Ilustrado","R$55,00"
Bucólicas,978-85-7480-394-4,"Odorico Mendes, Virgílio","Poesia, Literatura estrangeira, Bilíngue, Literatura clássica, Tradução, Odorico Mendes","R$78,00"
"C@rtas Ácidas da Campanha de Lula de 1998, As",85-7480-011-2,Bernardo Kucinski,"Memória, Política","R$38,00"
Cabo Verde - Literatura em Chão de Cultura,978-85-7480-415-6,Simone Caputo Gomes,"Crítica literária, Literatura africana","R$62,00"
"Cadenciando-um-Ning - Um Samba, para o Outro",85-7480-055-4,"Michael Palmer, Régis Bonvicino","Literatura brasileira, Poesia, Literatura estrangeira, Bilíngue","R$35,00"
Caderno de Literatura e Cultura Russa - Dostoiévski,1806-2911,Depto. Letras Orientais USP,"Crítica literária, Literatura estrangeira","R$97,00"
Cadernos 1 e 2,85-86084-09-3,Pedro Nava,"Memória, Literatura brasileira, Ilustrado","R$30,00"
"Cadernos Anatômicos de Leonardo da Vinci, Os",978-85-7480-625-9,Leonardo da Vinci,"Arte, Ilustração e pintura, Medicina e Anatomia","R$308,00"
Caligramas,978-85-7480-405-7,Guillaume Apollinaire,"Poesia, Literatura estrangeira, Bilíngue","R$66,00"
Caligramas (2a ed.),978-85-7480-795-9,"Álvaro Faleiros, Guillaume Apollinaire","Tradução, Poesia, Literatura estrangeira, Ilustrado, Bilíngue","R$68,00"
Cama de Campanha,85-7480-328-6,Flávio Carvalho Ferraz,"Literatura brasileira, Poesia","R$42,00"
"Caminho do Encontro, A - Uma Leitura de Contos Novos",85-85851-84-8,Ivone Daré Rabello,"Literatura brasileira, Crítica literária","R$53,00"
"Caminhos do Romance em Portugal - Camilo, Eça e o Folhetim Francês",978-85-7480-696-9,Andréa Trench de Castro,"Crítica literária, Literatura portuguesa","R$52,00"
Cancioneiro,978-85-7480-679-2,Francesco Petrarca,"Poesia, Literatura estrangeira, Bilíngue, Ilustrado","R$189,00"
Cantigas do Falso Alfonso el Sabio,85-7480-331-6,Affonso Ávila,"Literatura brasileira, Poesia","R$45,00"
"Capa do Livro Brasileiro, A - 1820-1950",978-85-7480-777-5,Ubiratan Machado,"Livros sobre livros, Ilustrado, Ilustração e pintura, Editoração, Design, Criação, Artes gráficas","R$320,00"
Capas de Santa Rosa,978-85-7480-727-0,Luís Bueno,"Ilustrado, Biografia, Artes gráficas, Arte, Livros sobre livros, Design","R$132,00"
Capítulos da História da Medicina no Brasil,85-7480-212-3,Pedro Nava,"Medicina e Saúde, História","R$52,00"
"Carne, A",978-85-7480-706-5,Júlio Ribeiro,"Literatura brasileira, Romance, Ilustrado","R$37,00"
Cartas a Miranda,978-85-74-80-736-2,Quatremère de Quincy,"Arquitetura, Arte, História, Restauração","R$35,00"
Cartas a William Agel de Mello,85-7480-153-4,"João Guimarães Rosa, William Agel de Mello","Memória, Literatura brasileira","R$39,60"
Cartas aos Amigos Caio Porfírio Carneiro e Fábio Lucas,85-7480-249-2,João Antônio,Memória,"R$32,00"
Cartas de Fidelino de Figueiredo e de Segismundo Spina,978-85-7480-464-4,Nuno Fidelino de Figueiredo,Memória,"R$33,00"
Cartilha - Martelo-Gabinete e Ferrografia,85-7480-130-5,Virgílio Maia,"Literatura brasileira, Poesia, Ilustrado","R$33,00"
Casa de Pensão,978-85-7480-461-3,"Marcelo Bulhões, Aluísio de Azevedo","Literatura brasileira, Romance, Ilustrado","R$43,00"
"Casa dos Seis Tostões, A",978-85-7480-729-4,Paul Collins,Livros sobre livros,"R$67,00"
Casas Importadoras de Santos e seus Agentes,978-85-7480-710-2,Carina Marcondes Ferreira Pedro,"História, Economia, Cultura","R$42,00"
Catecismo da Preservação de Monumentos,978-85-7480-662-4,Max Dvorák,"Arquitetura, Restauração","R$41,00"
Céus Derretidos,85-85851-12-0,"Teixeira Coelho, Jean-Claude Bernardet","Literatura brasileira, Romance","R$41,00"
"Cem Menores Contos Brasileiros do Século, Os",97885-7480-686-0,Marcelino Freire,"Literatura brasileira, Contos","R$35,00"
"Cem Menores Contos Brasileiros do Século, Os (5a. ed.)",978-85-7480-799-7,Marcelino Freire,"Contos, Humor, Literatura brasileira","R$48,00"
Cena Absurdo,978-85-7480-734-8,Pedro Marques,"Literatura, Poesia","R$67,00"
Cena Macaca,978-85-7480-350-0,Zé Pedro,"Arte, Ilustração e pintura, Humor","R$65,00"
"Cena Muda, A",85-7480-017-1,Miguel Angel Fernandez,"Literatura brasileira, Romance","R$46,00"
"Cenas da Infância - Kartolas, Kalungas e Katiras",978-85-7480-762-1,Jonas Rosa,Poesia,"R$39,00"
Cenas em Jogo,978-85-7480-805-5,Renato Tardivo,"Cinema, Crítica literária, Teoria literária, Psicanálise e Psicologia","R$33,00"
Cera das Almas,85-7480-247-6,Pedro Nava,"Memória, Literatura brasileira","R$39,00"
Choro de Homem,85-7480-058-9,Marcos Rodrigues,"Literatura brasileira, Contos, Ilustrado","R$39,00"
Cicatriz,978-85-7480-746-1,Eduardo Guimarães,"Literatura, Poesia","R$65,00"
Ciclo das Chamas,85-7480-292-1,Antônio Lázaro de Almeida Prado,"Literatura brasileira, Poesia","R$39,00"
Cidade de Atys,85-85851-60-0,Marcelo Novaes,"Literatura brasileira, Romance","R$29,00"
"Cidade e as Serras, A",978-85-7480-380-7,"Paulo Franchetti, Leila Guenther, Eça de Queirós","Romance, Literatura portuguesa, Ilustrado","R$38,00"
Cidadela Ardente,85-85851-48-1,Thelma Guedes,"Ilustrado, Literatura brasileira, Contos","R$40,00"
Cinematografia,978-85-7480-808-6,Paulo Lopes Lourenço,"Ilustrado, Poesia","R$44,90"
Cirandas,978-85-7480-758-4,Bruno Palma,"Ilustrado, Poesia, Infantil","R$60,00"
Clarice Lispector - Uma Poética do Olhar,85-85851-85-6,Regina Pontieri,"Literatura brasileira, Crítica literária","R$49,00"
Clepsidra,978-85-7480-462-0,"Paulo Franchetti, Camilo Pessanha","Poesia, Literatura portuguesa, Ilustrado","R$33,00"
Clichês Brasileiros,978-85-7480-643-3,Gustavo Piqueira,"Ilustrado, Design, Livros sobre livros, Ilustração e pintura, Tipografia, Artes gráficas","R$69,00"
Clusters,978-85-7480-522-1,Pedro Marques,"Literatura brasileira, Poesia","R$33,00"
Cocanha - Várias Faces de uma Utopia,85-85851-32-5,Hilário Franco Jr.,"Literatura medieval, Mitologia, História, Sociologia e Sociedade, Ilustrado, Cultura medieval","R$29,60"
Coisas do Diabo Contra,978-85-7480-645-7,Eromar Bomfim,"Ilustrado, Literatura brasileira, Romance","R$44,00"
"Comédia e Seus Duplos, A: O Anfitrião de Plauto",978-85-7480-763-8,Rodrigo Tadeu Gonçalves,"Crítica literária, Literatura clássica, Teatro","R$69,90"
Comentário Literal sobre os Três Primeiros Capítulos do Gênesis,85-7480-102-X,Giovanni Jacopo Casanova,"Romance, Literatura estrangeira","R$32,00"
Comunicados Lacônicos,978-85-7480-402-6,Antonio Lizárraga,"Literatura brasileira, Poesia","R$42,00"
Concerto Amazônico,978-85-7480-348-7,Álvaro Cardoso Gomes,"Literatura brasileira, Romance","R$48,00"
Condillac Lúcido e Translúcido,978-85-7480-551-1,Leon Kossovitch,Filosofia,"R$56,00"
Contos da Nova Cartilha - Primeiro Livro de Leitura,978-85-7480-823-9,Liev Tolstói,"Literatura estrangeira, Contos, Infantil, Ilustrado, Tradução","R$53,00"
Contos da Nova Cartilha - Segundo Livro de Leitura - Vol. 1,978-85-7480-576-4,Liev Tolstói,"Literatura estrangeira, Contos, Infantil, Ilustrado, Tradução","R$58,00"
Contos do Divã,978-85-7480-373-9,Sylvia Loeb,"Literatura brasileira, Contos, Psicanálise e Psicologia","R$42,00"
Contracomunicação,85-7480-207-7,Décio Pignatari,"Comunicação, Semiótica, Ilustrado","R$44,00"
"Conversações Noturnas & Outros Poemas, As",978-85-7480-363-0,José Laurenio de Melo,"Literatura brasileira, Poesia","R$40,00"
Coração sem Alma,978-85-7480-465-1,Xavier de Monte Pinho,"Memória, Literatura brasileira, Romance","R$20,00"
"Coração, Cabeça e Estômago",978-85-7480-793-5,Camilo Castelo Branco,"Ilustrado, Literatura portuguesa","R$38,00"
"Coreografia do Desejo, A - Cem Anos de Ficção Brasileira",85-7480-033-3,Maria Angélica G. Lopes,"Literatura brasileira, Crítica literária","R$45,00"
Cores de Rosa,978-85-7480-527-6,Adélia Bezerra de Meneses,"Ilustrado, Literatura brasileira, Crítica literária, Semiótica, Psicanálise e Psicologia","R$60,00"
Corredores para Abutres,85-7480-175-5,Regina Silveira,"Arte, Ilustração e pintura","R$31,00"
Corrupção (18 Contos),85-7480-141-0,Rodrigo Penteado,"Literatura brasileira, Contos","R$44,00"
"Cortiço, O",978-85-7480-579-5,"Paulo Franchetti, Leila Guenther, Aluísio de Azevedo","Literatura brasileira, Romance, Ilustrado","R$38,00"
Cozinheiro Nacional: Melhores Receitas Brasileiras e Europeias,978-85-7480-231-2,Anônimo,"Gastronomia, Culinária, História, Ilustrado","R$98,00"
Crítica Dialética em Theodor Adorno,978-85-7480-352-4,Jorge de Almeida,"Música, Filosofia, Estética, Crítica musical","R$48,00"
Crítica e Criação - Um Estudo da Kreisleriana Op. 16 de Robert Schumann,978-85-7480-354-8,Mónica Vermes,"Música, Crítica musical","R$53,00"
"Crítica Literária Brasileira em Perspectiva, A",978-85-7480-660-0,"Rogério Cordeiro, Andréa Sirihal Werkema, Claudia Campos Soares, Sérgio Alcides Pereira do Amaral","Literatura brasileira, Crítica literária, História","R$58,00"
Criação e Conflito,978-85-7480-499-6,Celeste Ribeiro de Sousa,"Crítica literária, Literatura estrangeira","R$48,00"
Crônicas da Vida Boêmia,85-85851-66-X,Aluízio Falcão,"Literatura brasileira, Crônicas","R$48,00"
Crônicas Efêmeras,85-86084-14-X,João do Rio,"Memória, Literatura brasileira, Crônicas","R$45,00"
Cultura das Bordas - Edição. Comunicação. Leitura,978-85-7480-510-8,Jerusa Pires Ferreira,"Comunicação, Semiótica, Sociologia e Sociedade, Cultura","R$40,00"
"Cultura Literária Medieval, A",978-85-7480-340-1,Segismundo Spina,"Idade média, Crítica literária, Literatura medieval, Cultura medieval","R$35,00"
Da Argila à Nuvem,978-85-7480-831-4,Yann Sordet,"Bibliofilia, Livros sobre livros, História, Artes gráficas","R$44,00"
"Dança de Shiva, A",978-85-7480-503-0,Ricardo Pires de Souza,"Literatura brasileira, Poesia","R$27,00"
Dante - O Poeta do Absoluto,85-7480-009-0,Hilário Franco Jr.,Biografia,"R$28,00"
Daquela Estrela à Outra,85-7480-158-5,"Giuseppe Ungaretti, Lúcia Wataghin, Haroldo de Campos","Tradução, Poesia, Literatura estrangeira, Bilíngue","R$83,00"
De Olho na Morte e Antes,978-85-7480-594-8,Fernando Fortes,"Literatura brasileira, Poesia","R$88,00"
De Orfeu e de Perséfone - Morte e Literatura,978-85-7480-396-8,Lélia Parreira Duarte,"Crítica literária, Literatura","R$55,00"
De Voos e Ilhas - Literatura e Comunitarismos,85-7480-168-2,Benjamin Abdala Jr.,"Literatura brasileira, Crítica literária, Literatura portuguesa, Literatura africana","R$56,00"
Debaixo do Sol,978-85-7480-524-5,Eunice Arruda,"Literatura brasileira, Poesia","R$40,00"
"Descoberta do Frio, A",978-85-7480-708-9,Oswaldo de Camargo,"Literatura brasileira, Romance","R$38,00"
Desconhecer,978-85-7480-724-9,Ricardo Lima,"Literatura brasileira, Poesia, Ilustrado","R$44,00"
Desenho Mágico - Poesia e Política em Chico Buarque,85-7480-001-5,Adélia Bezerra de Meneses,"Música, Poesia, Política, Ilustrado","R$65,00"
"Design como Ele É, O",978-85-7480-338-8,"Chico Homem de Melo, Eliana Tróia","Livros sobre livros, Design, Tipografia, Artes gráficas, Ilustrado","R$28,00"
"Design da Escrita, O - Redigindo com Criatividade e Beleza, Inclusive Ficção",978-85-7480-387-6,Antônio Suárez Abreu,"Design, Comunicação, Literatura, Criação, Escrita","R$45,00"
"Design do Livro, O",85-7480-100-3,Richard Hendel,"Design, Tipografia, Editoração, Livros sobre livros, Artes gráficas, Ilustrado","R$98,00"
Deste Lugar,978-85-7480-595-5,Paulo Franchetti,"Literatura brasileira, Poesia","R$39,00"
"Deuses Chutam Lata na Consolação, Os",85-85851-21-X,Gilson Rampazzo,"Literatura brasileira, Romance","R$38,00"
Devagar,85-7480-318-9,Diva Gomes,"Literatura brasileira, Poesia","R$29,50"
Dez Mitos sobre os Judeus,978-85-7480-693-8,Maria Luiza Tucci Carneiro,"Mitologia, História, Judaísmo, Ilustrado","R$50,00"
Dez Mitos sobre os Judeus - 2a. ed.,978-85-7480-843-7,Maria Luiza Tucci Carneiro,"História, Ilustrado, Judaísmo, Mitologia","R$50,00"
Diana Caçadora & Tango Fantasma,85-7480-209-3,Márcia Denser,"Literatura brasileira, Contos","R$45,00"
Dias Melhores... Pra Sempre!,85-7480-314-6,"Cyro Leão, Luiz Chinan, Jadyr Pavão Jr.","Poesia, Literatura portuguesa, Ilustrado","R$33,00"
Dicionário Brasileiro de Insultos,85-7480-078-3,Altair J. Aranha,"Humor, Dicionário","R$47,00"
"Diálogos Literários - Literatura, Comparativismo e Ensino",978-85-7480-416-3,Agnaldo Rodrigues da Silva,"Crítica literária, Literatura","R$54,00"
Diálogos sobre a Tecnologia do Cinema Brasileiro,978-85-7480-360-9,Paulo B. C. Schettino,"Memória, Cinema, Entrevistas","R$61,00"
"Diderot - O Espírito das ""Luzes""",85-7480-030-9,Jacó Guinsburg,Biografia,"R$28,00"
Dissipatio H.G. - O Fim do Gênero Humano,85-7480-049-X,Guido Morselli,"Tradução, Romance, Literatura estrangeira","R$45,00"
Distopia,978-85-7480-506-1,Hélio Franchini Neto,"Literatura brasileira, Romance","R$38,00"
Divina Comédia,978-85-7480-531-3,"Dante Alighieri, João Trentino Ziller","Arte, Ilustração e pintura, Poesia, Literatura estrangeira, Bilíngue, Literatura clássica, Tradução","R$280,00"
Do Formalismo Estético Trovadoresco,978-85-7480-442-2,Segismundo Spina,"Idade média, Crítica literária, Literatura medieval, Estética, Cultura medieval","R$49,50"
Do Modernismo à Bossa Nova,978-85-7480-449-1,Jomard Muniz de Britto,"Arte, Música, Cinema, Cultura","R$30,00"
Do Socialismo Soviético ao Capitalismo Russo,978-85-7480-794-2,Lenina Pomeranz,"História, Política","R$63,00"
Dom Casmurro,978-85-7480-399-9,"Leila Guenther, Paulo Franchetti, Machado de Assis","Literatura brasileira, Romance, Ilustrado","R$41,00"
"Domínios de Natureza no Brasil, Os - Potencialidades Paisagísticas",978-85-7480-596-2,Aziz Ab Sáber,"Geografia, Ecologia, Ilustrado","R$52,00"
Drummond - Da Rosa do Povo à Rosa das Trevas,85-7480-050-3,Vagner Camilo,"Literatura brasileira, Crítica literária","R$75,00"
Duplo Canto e Outros Poemas,978-85-7480-547-4,François Cheng,"Poesia, Literatura estrangeira, Bilíngue, Tradução","R$92,00"
E Fizerom Taes Maravilhas... - Histórias de Cavaleiros e Cavalarias,978-85-7480-629-7,Lênia Márcia Mongelli,"Crítica literária, Literatura medieval, História, Idade média, Cultura medieval","R$85,00"
Eça de Queirós / Julio Pomar,85-85851-08-2,"Eça de Queirós, Julio Pomar","Literatura portuguesa, Crônicas, Ilustrado","R$19,00"
"Economia da Cultura, A",978-85-7480-337-1,Françoise Benhamou,"Tradução, Economia, Cultura","R$45,00"
Edgar Allan Poe - Um Homem em sua Sombra,85-7480-072-4,Ricardo Araújo,"Crítica literária, Literatura estrangeira, Biografia","R$43,00"
Edição e Revolução: Leituras Comunistas no Brasil e na França,978-85-7480-661-7,"Marisa Midori Deaecto, Jean-Yves Mollier","História, Livros sobre livros, Ilustrado","R$78,00"
Edifícios Comerciais - Felipe Bezerra,85-7480-272-7,Fernando Serapião,"Arquitetura, Ilustrado","R$25,00"
Edifícios Escolares - Miguel Juliano,85-7480-145-3,Cristiane Corrêa,"Arquitetura, Ilustrado","R$23,00"
Educação & Psicologia - Cinquenta Anos de Profissão,85-7480-250-6,Geraldina Porto Witter,"Memória, Ilustrado","R$64,00"
Educação Sentimental em Proust,85-7480-128-3,Philippe Willemart,Crítica literária,"R$48,00"
Edusp: Um Projeto Editorial,85-7480-089-9,"Marcello Rollemberg, Plinio Martins Filho","Editoração, Ilustrado","R$99,80"
Égloga da Maçã,978-85-7480-577-1,Affonso Ávila,"Literatura brasileira, Poesia, Ilustrado","R$48,00"
Eis o Mundo de Fora,978-85-7480-565-8,Adrienne Myrtes,"Literatura brasileira, Romance","R$39,00"
Electra de Eurípides,978-85-7480-712-6,"Trupersa - Trupe de Tradução de Teatro Antigo, Eurípides","Tradução, Teatro, Bilíngue, Cultura grega, Literatura clássica","R$45,00"
Electra(s),978-85-7480-779-9,Trajano Vieira,"Cultura grega, Teatro, Literatura clássica, Ilustrado","R$39,60"
Elementos de Semiótica Tensiva,978-85-7480-572-6,"Ivã Carlos Lopes, Luiz Tatit, Claude Zilberberg","Comunicação, Semiótica, Linguística","R$52,00"
Elos de Melodia e Letra - Análise Semiótica de Seis Canções,978-85-7480-403-3,"Luiz Tatit, Ivã Carlos Lopes","Música, Semiótica","R$48,00"
Em Louvor de Anti-Heróis,85-7480-062-7,Victor Brombert,"Crítica literária, Literatura","R$56,00"
Em Nome do Corpo,85-7480-295-6,Iacopo Pontormo,"Arte, Memória, Bilíngue, Ilustrado, Tradução","R$57,00"
Encontros e Des-encontros,85-7480-291-3,Maria Teresa Hellmeister Fornaciari,"Literatura brasileira, Crônicas","R$27,00"
Encrenca,85-7480-135-6,Manoel Carlos Karam,"Literatura brasileira, Romance","R$34,00"
Eneida,85-7480-104-6,"Odorico Mendes, Virgílio","Poesia, Literatura estrangeira, Mitologia, Literatura clássica, Ilustrado, Odorico Mendes","R$86,00"
Ensaiando a Canção - Paulinho da Viola e Outros Escritos,978-85-7480-537-5,Eliete Eça Negreiros,"Música, Crítica musical","R$40,00"
Ensino de Ciências e Matemática - Formação e Atuação de Professores,978-85-7480-546-7,"Geraldina Porto Witter, Moacir Wuo",Educação e Pedagogia,"R$36,00"
Entreato Amoroso,978-85-7480-378-4,Aercio Consolin,"Literatura brasileira, Romance","R$49,50"
Entreatos,978-85-7480-822-2,"Marcelo Castel Cid, Gustavo Piqueira","Romance, Religião, Literatura brasileira","R$32,00"
Entrelivros,85-85851-71-6,João Alexandre Barbosa,"Crítica literária, Literatura","R$42,00"
Entretanto n° 1 - Revista de Literatura,1980-8909,"Marcelino Freire, Delmo Montenegro, Fabiano Calixto, Micheliny Verunschk, Raimundo Carrero","Crítica literária, Poesia, Contos, Crônicas, Literatura, Ilustrado","R$25,00"
Entrevistas de Domingo,978-85-7480-369-2,O Diário de Mogi,"Memória, Jornalismo","R$150,00"
Epigramas,978-85-7480-752-2,"Marco Valério Marcial, Rodrigo Garcia Lopes","Poesia, Tradução, Literatura clássica, Humor, Bilíngue","R$82,00"
Epigramas 2. ed.,978-85-7480-840-6,"Marco Valério Marcial, Rodrigo Garcia Lopes, Gustavo Piqueira","Bilíngue, Humor, Literatura clássica, Poesia, Tradução","R$45,00"
Era no Tempo do Rei - Atualidade das Memórias de um Sargento de Milícias,978-85-7480-748-5,Edu Teruki Otsuka,"Crítica literária, Literatura, Teoria literária","R$53,00"
EraOdito,85-7480-094-5,Marcelino Freire,"Humor, Literatura brasileira, Ilustrado","R$48,00"
Escola de Semiótica - A Experiência de Tártu-Moscou para o Estudo da Crítica,85-7480-117-8,Irene Machado,Semiótica,"R$38,00"
"Escrita de Deus, A",85-7480-282-4,Wilson Roberto Theodoro Filho,"Literatura brasileira, Contos","R$40,00"
Escritas do Desejo - Crítica Literária e Psicanálise,978-85-7480-570-2,"Cleusa Rios P. Passos, Yudith Rosenbaum","Crítica literária, Psicanálise e Psicologia","R$38,00"
Escrito sobre Jade - Poesia Clássica Chinesa,978-85-7480-438-5,Haroldo de Campos,"Poesia, Literatura estrangeira, Bilíngue, Ilustrado","R$47,00"
"Escritores, Gatos e Teologia",978-85-7480-674-7,Waldecy Tenório,"Literatura brasileira, Crítica literária, Religião","R$45,00"
Escritura e Nomadismo,85-7480-192-5,Paul Zumthor,"Arte, Estética","R$39,50"
Esplendor do Barroco Luso-brasileiro,978-85-7480-700-3,Benedito Lima de Toledo,"Ilustrado, Arte, Arquitetura","R$109,00"
"Espuma do Fogo, A",85-7480-097-X,Carlos Nejar,"Literatura brasileira, Poesia","R$30,00"
Espumas Flutuantes,85-85851-36-8,"José de Paula Ramos Jr., Castro Alves","Literatura brasileira, Poesia, Ilustrado","R$37,00"
Estados da Crítica,85-7480-322-7,Alcides Cardoso dos Santos,"Crítica literária, Literatura","R$44,00"
Estandartes das Tribos de Israel,85-7480-065-1,"Virgílio Maia, Socorro Torquato","Arte, Poesia, Ilustrado","R$38,00"
Estimar Canções,978-85-74-80-737-9,Luiz Tatit,"Arte, Música, Semiótica","R$38,00"
Estrelas Errantes - Memória do Teatro Ídiche no Brasil,978-85-7480-648-8,Nachman Falbel,"Ilustrado, Memória, História, Teatro","R$140,00"
"Estudos Comparados - Teoria, Crítica e Metodologia",978-85-7480-677-8,Benjamin Abdala Jr.,"Literatura brasileira, Crítica literária","R$68,00"
Estudos de Literatura Brasileira e Portuguesa,978-85-7480-353-1,Paulo Franchetti,"Literatura brasileira, Crítica literária, Literatura portuguesa","R$63,00"
Estudos sobre Vieira,978-85-7480-544-3,"João Adolfo Hansen, Hélder Garmes, Adma Muhana",Crítica literária,"R$43,00"
Ética e Educação,978-85-7480-597-9,Nílson José Machado,"Educação e Pedagogia, Cidadania","R$34,00"
Euclides da Cunha: Uma Odisseia nos Trópicos,978-85-7480-440-8,Frederic Amory,"Crítica literária, Biografia, Ilustrado","R$98,00"
Eugênio Montale - Criatividade Poética e Psicanálise,85-7480-084-8,Marisa Pelella Mélega,"Crítica literária, Poesia, Literatura estrangeira, Psicanálise e Psicologia","R$37,00"
Eugênio Onêguin - Volume 1,978-85-7480-825-3,"Aleksandr Púchkin, Elena Vássina, Alípio Correia de Franca Neto","Bilíngue, Ilustrado, Romance, Literatura estrangeira, Tradução, Poesia","R$78,00"
Ex-Libris,978-85-7480-274-9,Plinio Martins Filho,"Editoração, História, Heráldica, Artes gráficas, Ilustrado","R$79,00"
Exílio - As Histórias da Grande Peste,978-85-7480-364-7,Samuel Reibscheid,"Literatura brasileira, Contos","R$43,00"
Extravio Marinho,978-85-7480-500-9,Simone Homem de Mello,"Literatura brasileira, Poesia","R$47,00"
Fala D. João,978-85-7480-807-9,Hélio Cabral,"Poesia, Ilustrado, Arte","R$42,00"
"Falo no Jardim - Priapeia Grega, Priapeia Latina",85-7480-300-6,João Ângelo Oliva Neto,"Poesia, Literatura estrangeira, Mitologia, Bilíngue, Literatura clássica, Ilustrado","R$99,50"
Farsa de Inês Pereira,978-8-57-480681-5,"Carlos Cortez Minchillo, Izeti Fragata Torralvo, Gil Vicente","Idade média, Cultura medieval, Literatura portuguesa, Literatura medieval, Teatro, Ilustrado","R$28,50"
Fascinação,978-85-7480-821-5,"Flavio de Souza, Luci Collin","Literatura, Ilustrado, Literatura brasileira, Romance","R$49,90"
Fábulas para o Ano 2000,85-85851-61-9,"Gustavo Martins, Rodrigo Lacerda","Literatura brasileira, Contos, Infantil, Ilustrado","R$32,00"
Feito Eu,978-85-7480-342-5,Elisa Nazarian,"Literatura brasileira, Poesia","R$35,00"
Fetichismos Visuais - Corpos Erópticos e Metrópole Comunicacional,978-85-7480-719-5,Massimo Canevacci,"Comunicação, Ilustrado","R$62,00"
"Ficção da Escrita, A",85-7480-228-X,Cláudia Amigo Pino,"Crítica literária, Literatura, Criação","R$48,00"
Figurações do Oitocentos,978-85-7480-339-5,Paulo Motta Oliveira,"Crítica literária, História, Teatro, Cultura, Estética","R$56,00"
Figuras do Feminino na Canção de Chico Buarque,85-7480-003-1,Adélia Bezerra de Meneses,"Música, Poesia, Ilustrado","R$78,00"
"Filho do Crucificado, O",85-7480-077-5,Nelson de Oliveira,"Literatura brasileira, Contos","R$42,00"
Filosofando com o Miró,85-7480-004-X,Eduardo Etzel,"Memória, Literatura brasileira","R$45,00"
"Fluxo Silencioso das Máquinas, O",85-7480-087-2,Bruno Zeni,"Literatura brasileira, Contos","R$38,00"
Fogos de Artifício: Flaubert e a Escritura,978-85-7480-454-5,Verónica Galíndez-Jorge,"Crítica literária, Literatura estrangeira","R$42,00"
Fúria Azul - Antielegias,978-85-7480-593-1,Carlos Nejar,"Literatura brasileira, Poesia","R$48,00"
"Forma do Livro, A - Ensaios sobre Tipografia e Estética do Livro",978-85-7480-361-6,Jan Tschichold,"Design, Tipografia, Editoração, Livros sobre livros, Artes gráficas, Ilustrado","R$93,00"
Fotografia & História,978-85-7480-683-9,Boris Kossoy,"Memória, História, Fotografia, Ilustrado","R$52,00"
Fragmentos do Narciso e Outros Poemas,978-85-7480-657-0,"Paul Valéry, Júlio Castañon Guimarães","Poesia, Literatura estrangeira, Bilíngue, Tradução","R$53,00"
Fragmentos do Sol Chuvoso,978-85-7480-501-6,Lauro Henriques Jr.,"Literatura brasileira, Poesia","R$43,00"
"Franceses, Mais um Esforço se Quiserdes Ser Republicanos",978-85-7480-536-8,Marquês de Sade,"Literatura estrangeira, Política, Sociologia e Sociedade","R$17,00"
Franklin Távora e o seu Tempo,85-85851-47-3,Cláudio Aguiar,Biografia,"R$40,00"
Frei Galvão - Arquiteto,978-85-7480-349-4,Benedito Lima de Toledo,"Memória, Arquitetura, Patrimônio Histórico, Ilustrado","R$40,00"
Freud - A Conquista do Proibido,85-7480-010-4,Renato Mezan,Biografia,"R$30,00"
"Fronteiras Culturais - Brasil, Uruguai, Argentina",85-7480-122-4,Maria Helena Martins,"Sociologia e Sociedade, Economia, Cultura","R$48,00"
Gérard de Nerval: A Escrita em Trânsito,978-85-7480-456-9,Marta Kawano,"Crítica literária, Literatura estrangeira","R$45,00"
Gérard de Nerval: Cinquenta Poemas,978-85-7480-659-4,"Mauro Gama, Gérard de Nerval","Poesia, Literatura estrangeira, Bilíngue, Tradução","R$60,00"
Geórgicas,978-85-7480-838-3,"Virgílio, Paulo Sergio de Vasconcellos, Odorico Mendes","Poesia, Bilíngue, Tradução, Odorico Mendes, Literatura clássica","R$98,00"
Gentíssima,978-85-7480-344-9,Maria Ignez Corrêa da Costa Barbosa,"Memória, Entrevistas","R$52,00"
Geometrias de Cosmos,978-85-7480-828-4,Rodrigo Suzuki Cintra,"Literatura, Poesia","R$49,50"
Geomorfologia do Sítio Urbano de São Paulo,978-85-7480-335-7,Aziz Ab Sáber,"Geografia, Urbanismo, Ilustrado","R$47,00"
"Gil Vicente - O Velho da Horta, Auto da Barca do Inferno, Farsa de Inês Pereira (40a ed.)",978-85-7480-784-3,Segismundo Spina,"Teatro, Literatura portuguesa, Literatura medieval, Ilustrado, Idade média, Cultura medieval","R$35,00"
Girassol Voltado para a Terra,978-85-7480-723-2,Renato Tardivo,"Literatura brasileira, Contos, Ilustrado","R$44,00"
Goethe e Hackert - Sobre a Pintura de Paisagem,978-85-7480-262-6,Claudia Valladão de Mattos,"Arte, Ilustração e pintura","R$35,00"
Gramática Integral da Língua Portuguesa,978-85-7480-787-4,Antônio Suárez Abreu,"Comunicação, Escrita, Linguística","R$93,00"
"Grito de Jorge Andrade, O - A Experiência de um Autor na Telenovela Brasileira dos Anos 1970",978-85-7480-655-6,Sabina Reggiani Anzuategui,"Cultura, Televisão","R$42,00"
"Guarani, O",978-85-7480-668-6,"Eduardo Vieira Martins, José de Alencar","Literatura brasileira, Romance, Ilustrado","R$44,00"
"Guimarães Rosa - Fronteiras, Margens, Passagens",85-7480-210-7,Marli Fantini Scarpelli,"Literatura brasileira, Crítica literária","R$65,00"
Gustavo Giovannoni - Textos Escolhidos,978-85-7480-601-3,Beatriz Mugayar Kühl,"Arquitetura, Restauração","R$45,00"
Hannah Arendt & Karl Marx - O Mundo do Trabalho,978-85-7480-790-4,Eugenia Sales Wagner,"Política, Sociologia e Sociedade, Economia","R$49,00"
Hannah Arendt - Ética e Política,978-85-7480-705-8,Eugenia Sales Wagner,"Política, Sociologia e Sociedade","R$65,00"
"Hino Homérico a Apolo, O",85-7480-091-0,Luiz Alberto Machado Cabral,"Crítica literária, Poesia, Mitologia, Bilíngue, Ilustrado","R$72,00"
Hipóteses de Amor,85-7480-085-6,Annalisa Cima,"Poesia, Literatura estrangeira, Bilíngue, Ilustrado, Tradução","R$76,00"
História da Língua Portuguesa,978-85-7480-398-2,-,"Paleografia, História, Literatura, Linguística","R$98,00"
"História das Aventuras de Joseph Andrews e seu Amigo o Senhor Abraham Adams, A",978-85-7480-532-0,Henry Fielding,"Romance, Literatura estrangeira, Ilustrado, Tradução","R$105,00"
História do PT,978-85-7480-789-8,Lincoln Secco,"Ilustrado, Política, História, Sociologia e Sociedade","R$49,00"
Histórias de Banheiro,978-85-7480-474-3,Dirce de Assis Cavalcanti,"Literatura brasileira, Contos","R$43,00"
Histórias em Imagens e Versos - Wilhelm Busch,978-85-7480-771-3,"Guilherme de Almeida, Wilhelm Busch, Simone Homem de Mello","Tradução, Arte, Artes gráficas, Bilíngue, Humor, Ilustração e pintura, Ilustrado, Infantil","R$82,00"
Hong Kong & Outros Poemas,85-85851-92-9,Antônio Moura,"Literatura brasileira, Poesia","R$26,00"
"Horizonte da Minha Pele, O",978-85-7480-549-8,Emilio Bejel,"Romance, Literatura estrangeira, Biografia","R$51,00"
Ícaro,978-85-7480-334-0,Gabriel Pedrosa,"Literatura brasileira, Poesia, Ilustrado","R$26,00"
"Idade da Aurora, A",85-7480-150-X,Carlos Nejar,"Literatura brasileira, Poesia","R$75,00"
"Idade da Noite, A",85-7480-120-8,Carlos Nejar,"Literatura brasileira, Poesia","R$79,00"
"Idade Média no Cinema, A",978-85-7480-421-7,"José Rivair Macedo, Lênia Márcia Mongelli","História, Cinema, Idade média, Cultura medieval","R$45,00"
Idiotas & Demagogos - Pequeno Manual de Instruções da Democracia,85-7480-121-6,Almyr Gajardoni,"Política, Sociologia e Sociedade","R$43,00"
Ilíada,978-85-7480-393-7,"Odorico Mendes, Homero","Poesia, Literatura estrangeira, Mitologia, Literatura clássica, Ilustrado, Tradução, Odorico Mendes","R$120,00"
Ilhas Brasil,85-7480-124-0,Carlos Vogt,"Literatura brasileira, Poesia","R$43,00"
"Ilustre Casa de Ramires, A",978-85-7480-685-3,"Marise Hansen, Eça de Queirós","Romance, Literatura portuguesa, Ilustrado","R$43,50"
"Imagem Fria, A",85-7480-149-6,Tales Ab'Sáber,"Cinema, Cultura","R$45,00"
Imagens do Poder em Sêneca,85-7480-310-3,Marilena Vizentin,"Política, Sociologia e Sociedade, Economia","R$52,00"
Imigrantes Judeus do Oriente Médio - São Paulo e Rio de Janeiro,85-7480-162-3,Rachel Mizrahi,"História, Judaísmo, Ilustrado","R$120,00"
"Imigrantes, Mascates e Doutores",85-7480-107-0,Meir Kucinski,"Literatura brasileira, Contos, Judaísmo, Tradução","R$54,00"
"Imprensa Confiscada pelo DEOPS - 1924-1954, A",85-7480-152-6,"Maria Luiza Tucci Carneiro, Boris Kossoy","Livros sobre livros, Política, Memória, História, Censura, Jornalismo, Ilustrado","R$116,00"
Índia - Além do Olhar,978-85-7480-739-3,Marleine Paula Marcondes e Ferreira de Toledo,"Memória, Religião","R$35,00"
"Índios na Constituição, Os",978-85-7480-827-7,"Camila Loureiro Dias, Artionka Capiberibe","Direito, Cidadania, História, Ilustrado, Sociologia e Sociedade, Política, Jornalismo, Ecologia","R$30,00"
Informação. Linguagem. Comunicação,978-85-7480-647-1,Décio Pignatari,"Comunicação, Semiótica, Ilustrado","R$38,00"
Iniciação Boêmia & Textos Correlatos,978-85-7480-505-4,"Nuno Fidelino de Figueiredo, Fidelino de Figueiredo","Memória, Crítica literária, História","R$41,00"
Inocência,978-85-7480-832-1,"José de Paula Ramos Jr., Visconde de Taunay, Jefferson Cano","Ilustrado, Literatura brasileira, Romance","R$38,00"
Insólita Metrópole: São Paulo nas Crônicas de Paulo Bomfim,978-85-7480-636-5,Ana Luiza Martins,"Literatura brasileira, Crônicas, História","R$84,00"
"Insubmissão e Outros Escritos, A",978-85-7480-534-4,Liev Tolstói,"Literatura estrangeira, Política, Sociologia e Sociedade, Tradução","R$16,00"
"Intelecto em Ibn Sina (Avicena), O",978-85-7480-382-1,Miguel Attie Filho,"Filosofia, Cultura árabe","R$56,00"
Interior Via Satélite,978-85-7480-470-5,Marcos Siscar,"Literatura brasileira, Poesia, Ilustrado","R$52,00"
Interpretações: Crítica Literária e Psicanálise,978-85-7480-670-9,"Cleusa Rios P. Passos, Yudith Rosenbaum","Crítica literária, Psicanálise e Psicologia","R$48,00"
"Intervalo Semântico, O",978-85-7480-253-4,Carlos Vogt,"Semântica, Argumentação, Linguística","R$52,00"
"Intransitivos, Os",85-7480-146-1,Cacá Moreira de Souza,"Literatura brasileira, Contos","R$53,00"
Introdução ao Estudo de Fernando Pessoa,978-85-7480-753-9,Fernando Cabral Martins,"Crítica literária, História, Literatura portuguesa, Poesia","R$52,00"
Inula Niúla,978-85-7480-444-6,Michel Sleiman,"Literatura brasileira, Poesia","R$43,00"
Iracema - Lenda do Ceará,85-7480-324-3,"Leila Guenther, Paulo Franchetti, José de Alencar","Literatura brasileira, Romance, Ilustrado","R$38,00"
"Irrecusável Busca de Sentido, A",85-7480-258-1,Scarlett Marton,"Filosofia, Biografia, Memória","R$52,00"
Jacques Derrida - Entreatos de Leitura e Literatura-,978-85-7480-663-1,"Roberto Said, Luiz Fernando Ferreira Sá","Crítica literária, Literatura estrangeira, Filosofia","R$51,00"
Jogo de Palavras,978-85-7480-783-6,Jacó Guinsburg,Poesia,"R$58,00"
Jogo de Ronda,85-7480-026-0,Orlando Arruda,"Literatura brasileira, Contos","R$43,00"
"Jornada e a Clausura, A",85-7480-110-0,Raquel de Almeida Prado,"Crítica literária, Literatura estrangeira","R$52,00"
Joyce Era Louco?,978-85-7480-764-5,Donaldo Schüler,"Crítica literária, Psicanálise e Psicologia","R$50,00"
João Guimarães Rosa e a Saudade,85-7480-129-1,Susana Lages,"Literatura brasileira, Crítica literária","R$42,00"
Judeus e Judaísmo na Obra de Lasar Segall,85-7480-259-X,"Maria Luiza Tucci Carneiro, Celso Lafer","Arte, Ilustração e pintura, Sociologia e Sociedade, Judaísmo","R$120,00"
"Kafka/Foucault, sem Medos",85-7480-243-3,Edson Passetti,"Crítica literária, Psicanálise e Psicologia, Filosofia","R$38,00"
Kalevala - Poema Primeiro,978-85-7480-714-0,Elias Lönnrot,"Tradução, Mitologia, Poesia, Literatura estrangeira, Bilíngue","R$37,50"
Konstantinos Kaváfis - 60 Poemas,978-85-7480-780-5,"Trajano Vieira, Konstantinos Kaváfis","Poesia, Literatura estrangeira, Bilíngue, Tradução","R$39,00"
L'azur Blasé ou Ensaio do Fracasso sobre o Humor,978-85-7480-738-6,Guilherme Gontijo Flores,Poesia,"R$44,90"
Lacraus,85-7480-204-2,Miguel Jorge,"Literatura brasileira, Contos","R$51,00"
"Laetitia, sp",978-85-7480-545-0,Gabriel Pedrosa,"Literatura brasileira, Poesia, Ilustrado","R$36,00"
Lei n. 12.343 de 2 de Dezembro de 2010,978-85-7480-652-5,-,"Política, Economia, Cultura","R$38,00"
"Leitor Segundo G.H., O - Uma Análise do Romance A Paixão Segundo G.H. de Clarice Lispector",85-7480-257-3,Emília Amaral,"Literatura brasileira, Crítica literária","R$48,00"
Leituras Desarquivadas,978-85-7480-371-5,João Alexandre Barbosa,"Crítica literária, Literatura","R$56,00"
Leituras Imediatas,978-85-7480-834-5,Jerusa Pires Ferreira,"Comunicação, Cordel, Crítica literária, Ilustrado, Literatura brasileira","R$33,00"
Leituras Indispensáveis,978-85-7480-413-2,Aziz Ab Sáber,"Ecologia, Sociologia e Sociedade, Educação e Pedagogia, Cidadania","R$21,00"
Leituras Indispensáveis 2,978-85-7480-473-6,Aziz Ab Sáber,"Educação e Pedagogia, Ecologia, Sociologia e Sociedade, Cidadania","R$23,00"
Lembranças de Esquecer,85-85851-42-2,Camilo Guimarães,"Literatura brasileira, Poesia","R$29,80"
Leniza & Elis,85-7480-092-9,"Ariovaldo José Vidal, Joaquim Alves de Aguiar","Crítica literária, Biografia","R$44,00"
Leopardo dos Olhos de Fogo,85-85851-69-4,Carlos Eugênio Marcondes de Moura,"Ilustrado, Sociologia e Sociedade, Religião, Cultura","R$52,00"
Letras e Memória - Uma Breve História da Escrita,978-85-7480-414-9,Adovaldo Fernandes Sampaio,"Livros sobre livros, Memória, História, Linguística, Escrita, Ilustrado","R$98,00"
"Leão, o Africano",978-85-7480-759-1,Murilo Sebe Bon Meihy,"Cultura árabe, Cultura islâmica, História, Ilustrado","R$51,00"
Lições de Taxidermia,978-85-7480-445-3,Fernando Antônio Dusi Rocha,"Literatura brasileira, Poesia","R$45,00"
Lições do Acaso,978-85-7480-468-2,Luis Carlos de Menezes,"Literatura brasileira, Poesia","R$45,00"
"Lição Aproveitada, A - Modernismo e Cinema em Mário de Andrade",978-85-7480-556-6,João Manuel dos Santos Cunha,"Arte, Crítica literária, Cinema","R$48,00"
Liberalismo e Natureza - A Propriedade em John Locke,978-85-7480-476-7,Rodrigo Suzuki Cintra,"Economia, Filosofia, Direito","R$45,00"
Linguística Cognitiva - Uma Visão Geral e Aplicada,978-85-7480-526-9,Antônio Suárez Abreu,"Comunicação, Semiótica, Linguística, Cognição","R$43,00"
Lira dos Vinte Anos,978-85-7480-675-4,"Álvares de Azevedo, José Emílio Major Neto","Literatura brasileira, Poesia, Ilustrado","R$43,00"
Literatulogia,85-85851-55-4,Janilto Andrade,"Teoria literária, Literatura","R$26,00"
"Literatura Comparada e Relações Comunitárias, Hoje",978-85-7480-627-3,Benjamin Abdala Jr.,"Política, Literatura","R$50,00"
Literatura e Memória Política - Angola. Brasil. Moçambique. Portugal,978-85-7480-680-8,"Benjamin Abdala Jr., Rejane Vecchia Rocha e Silva","Crítica literária, Literatura portuguesa, Política","R$52,00"
Literatura Grega: Irradiações,978-85-7480-800-0,Donaldo Schüler,"História, Cultura grega, Literatura clássica, Filosofia","R$57,00"
"Literatura Portuguesa, A: Visões e Revisões",978-85-7480-409-5,"Annie Gisele Fernandes, Francisco Maciel Silveira","Crítica literária, Literatura portuguesa","R$38,00"
"Literatura, História e Política (3a. ed.)",978-85-7480-769-0,Benjamin Abdala Jr.,"Crítica literária, História, Literatura, Política","R$65,00"
Livro - Revista do NELE,2179-801X,NELE - Núcleo de Estudos do Livro e da Edição/USP,"Editoração, Livros sobre livros, Bibliofilia, Artes gráficas","R$33,00"
Livro 7/8 - revista do NELE,2179-801x,NELE - Núcleo de Estudos do Livro e da Edição/USP,"Artes gráficas, Bibliofilia, Editoração, Ilustrado, Livros sobre livros","R$88,00"
Livro e Liberdade,85-7480-178-X,Luciano Canfora,"Editoração, Livros sobre livros, Cultura","R$31,00"
Livro n. 6 - Revista do NELE,2179-801x,NELE - Núcleo de Estudos do Livro e da Edição/USP,"Artes gráficas, Editoração, Ilustrado, Livrarias, Livros sobre livros","R$88,00"
Livro n.3 - Revista do NELE,2179-801X,NELE - Núcleo de Estudos do Livro e da Edição/USP,"Editoração, Livros sobre livros, Bibliofilia, Artes gráficas","R$53,00"
Livro n.4 - Revista do NELE,2179-801X,NELE - Núcleo de Estudos do Livro e da Edição/USP,"Editoração, Livros sobre livros, Bibliofilia, Artes gráficas","R$55,00"
Livro n.5 - Revista do NELE,977-21-7980-100-9,NELE - Núcleo de Estudos do Livro e da Edição/USP,"Artes gráficas, Bibliofilia, Editoração, Livros sobre livros","R$77,00"
"Livro no Jornal, O",85-7480-082-1,Isabel Travancas,"Editoração, Jornalismo, Livros sobre livros, Ilustrado","R$42,00"
"Livro,",978-85-7480-600-6,Michel Melot,"Editoração, Livros sobre livros","R$99,00"
Livros e Leituras na Espanha do Século de Ouro,978-85-7480-694-5,Antonio Castillo Gómez,"Editoração, História, Livros sobre livros","R$49,00"
Livros e Subversão - Seis Estudos,978-85-7480-743-0,Sandra Reimão,"Livros sobre livros, História, Comunicação, Política","R$52,00"
"Livros Proibidos, Ideias Malditas",85-7480-071-6,Maria Luiza Tucci Carneiro,"Política, Ilustrado, História, Censura, Livros sobre livros","R$57,00"
"Livros, Editoras & Projetos",978-85-7480-356-2,"Jerusa Pires Ferreira, Jacó Guinsburg, Plinio Martins Filho, Maria Otilia Bocchini","Livros sobre livros, Editoração","R$30,00"
Lodo,978-85-7480-436-1,Luis Dolhnikoff,"Literatura brasileira, Poesia","R$62,00"
Lâmina do Tempo,85-7480-113-5,Moacyr Godoy Moreira,"Literatura brasileira, Contos","R$37,50"
"Lâmpada da Memória, A",978-85-7480-633-4,John Ruskin,"Arquitetura, Restauração","R$38,00"
Luci Collin - Antologia Poética (1984-2018),978-85-7480-796-6,Luci Collin,Poesia,"R$39,90"
"Lugar, Tempo, Olhar - Arte Brasileira na França Românica",978-85-7480-439-2,Anne Louyot,"Arte, Ilustração e pintura, Arquitetura, Bilíngue","R$75,00"
"Lusíadas, Os - Episódios",978-85-7480-802-4,"Luís de Camões, Ivan Teixeira","Poesia, Literatura portuguesa, Ilustrado","R$39,00"
Machado e Rosa - Leituras Críticas,978-85-7480-508-5,Marli Fantini Scarpelli,"Literatura brasileira, Crítica literária","R$85,00"
Macunaíma,978-85-7480-750-8,Mário de Andrade,"Arte, Ilustrado, Literatura brasileira, Artes gráficas, Romance, Literatura","R$310,00"
"Maias, Os",85-7480-044-9,Eça de Queirós,"Romance, Literatura portuguesa","R$83,00"
"Malavoglia, Os",85-7480-057-0,Giovanni Verga,"Tradução, Romance, Literatura estrangeira","R$53,00"
"Males do Tabaco e Outras Peças em um Ato, Os",85-7480-042-2,Anton Tchékhov,"Literatura estrangeira, Teatro, Tradução","R$34,00"
"Males do Tabaco, Os (3a. ed.)",978-85-7480-842-0,Anton Tchékhov,"Humor, Literatura clássica, Literatura estrangeira, Teatro, Tradução","R$39,00"
"Malhas da Cultura 1, As",978-85-7480-650-1,José Guilherme Pereira Leite,"Política, Economia, Cultura","R$43,00"
"Malhas da Cultura 2, As",978-85-7480-651-8,José Guilherme Pereira Leite,"Política, Economia, Cultura","R$45,00"
"Manuais de Desenho da Escrita, Os",978-85-7480-518-4,Maria Helena Werneck Bomeny,"Livros sobre livros, Design, Tipografia, Ilustrado","R$210,00"
Manual de Versificação Românica Medieval,85-7480-159-3,Segismundo Spina,"Idade média, Crítica literária, Poesia, Literatura medieval","R$41,00"
Manual do Estilo Desconfiado,978-85-7480-774-4,Fernando Paixão,"Teoria literária, Literatura brasileira, Crítica literária, Escrita","R$36,00"
Manuel Bandeira e a Música - com Três Poemas Visitados,978-85-7480-386-9,Pedro Marques,"Música, Literatura brasileira, Crítica literária","R$42,00"
"Marca do Leviatã, A - Linguagem e Poder em Hobbes",85-7480-116-X,Renato Janine Ribeiro,"Política, Filosofia","R$42,00"
Mariannita Luzzati,978-85-7480-447-7,Gabriel Pérez Barreiro,"Arte, Ilustração e pintura","R$41,00"
"Marx, Zola e a Prosa Realista",978-85-7480-453-8,Salete de Almeida Cara,"Crítica literária, Literatura estrangeira, Sociologia e Sociedade","R$46,00"
"MASSAO OHNO, Editor",978-85-7480-839-0,"Massao Ohno, Jose Armando Pereira da Silva","Design, História, Editoração, Biografia, Ilustrado, Livros sobre livros, Artes gráficas","R$180,00"
"Matéria Lítica: Drummond, Cabral, Neruda e Paz",978-85-7480-726-3,Mario Higa,"Poesia, Literatura, Crítica literária","R$52,00"
Matinas & Bagatelas,85-7480-144-5,Maria do Carmo Campos,"Literatura brasileira, Poesia","R$49,00"
Matrizes Impressas do Oral: Conto Russo no Sertão,978-85-7480-676-1,Jerusa Pires Ferreira,"Ilustrado, Livros sobre livros, Teoria literária, História, Literatura, Cordel","R$68,00"
Matzá com Moussaká - Histórias de Judeus e Gregos,978-85-7480-351-7,Táki Athanássios Cordás,"Memória, História, Judaísmo, Cultura grega, Ilustrado","R$52,00"
"Máquina do Mundo Repensada, A",85-7480-016-3,Haroldo de Campos,"Literatura brasileira, Poesia, Ilustrado","R$83,00"
"Máquina Peluda, A",85-85851-34-1,Ademir Assunção,"Literatura brasileira, Contos","R$42,00"
"Mário, Otávio - Cartas de Mário de Andrade a Otávio Dias Leite",85-7060-464-5,Marcos Antonio de Moraes,"Memória, Cultura","R$42,00"
Medeia,978-85-7480-658-7,"Trupersa - Trupe de Tradução de Teatro Antigo, Eurípides","Literatura clássica, Teatro, Bilíngue, Cultura grega, Tradução","R$42,00"
"Medicina de Os Lusíadas, A",85-7480-203-4,Pedro Nava,"Crítica literária, Medicina e Saúde, Literatura portuguesa","R$32,00"
Meio Mundo,978-85-7480-376-0,Álvaro Faleiros,"Literatura brasileira, Poesia, Ilustrado","R$28,00"
"Melancolias, Mercadorias: Dorival Caymmi, Chico Buarque, o Pregão de Rua e a Canção Popular-Comercial no Brasil",978-85-7480-502-3,Walter Garcia,"Música, Crítica musical","R$56,00"
Melodrama - O Gênero e sua Permanência,85-7480-029-5,Ivete Huppes,"Literatura estrangeira, Teatro","R$31,00"
Memória Futura,978-85-7480-519-1,Paulo Franchetti,"Literatura brasileira, Poesia","R$35,00"
Memórias Biográficas de Pintores Extraordinários,85-7480-041-4,William Beckford,"Arte, Memória","R$36,00"
Memórias de um Sargento de Milícias,978-85-7480-728-7,"Mamede Mustafa Jarouche, Manuel Antônio de Almeida","Literatura brasileira, Romance, Ilustrado","R$42,00"
Memórias de uma Avó,85-85851-75-9,Vavy Pacheco Borges,"Memória, Álbum interativo","R$70,00"
Memórias Póstumas de Brás Cubas,978-85-7480-598-6,"Antonio Medina Rodrigues, Machado de Assis","Literatura brasileira, Romance, Ilustrado","R$39,00"
Memorial de Mogi das Cruzes,85-7480-101-1,José Sebastião Witter,"Literatura brasileira, Crônicas","R$48,00"
Memorial de um Herege,85-7480-018-X,Samuel Reibscheid,"Literatura brasileira, Romance","R$45,00"
Mensagem,978-85-7480-702-7,"António Apolinário Lourenço, Fernando Pessoa","Poesia, Literatura portuguesa, Ilustrado","R$41,00"
Mercadorias e Futuro,978-85-7480-395-1,José Paes de Lira (Lirovsky),"Literatura brasileira, Contos","R$28,50"
Meu Fausto (Esboços),978-85-7480-542-9,Paul Valéry,"Literatura estrangeira, Teatro, Tradução","R$49,00"
Michelângelo - Cinquenta Poemas,978-85-7480-271-8,"Mauro Gama, Michelângelo","Poesia, Literatura estrangeira, Bilíngue","R$54,00"
Milton Hatoum - Itinerário para um Certo Relato,85-7480-315-4,Marleine Paula Marcondes e Ferreira de Toledo,"Literatura brasileira, Crítica literária","R$42,00"
"Mistério do Leão Rampante, O",85-7480-302-2,Rodrigo Lacerda,"Humor, Literatura brasileira, Romance, Ilustrado","R$92,00"
Mistérios do Dicionário,85-7480-252-2,João Alexandre Barbosa,"Crítica literária, Literatura","R$58,00"
Mito e Poética na Literatura Contemporânea - Um Estudo sobre José Saramago,85-7480-321-9,Vera Bastazin,"Crítica literária, Literatura portuguesa","R$35,00"
"Modernização pelo Avesso - Impasses da Representação Literária em Os Contos de Belazarte, de Mário de Andrade",978-85-7480-697-6,Wilson José Flores Jr.,"Literatura brasileira, Crítica literária, Estudos Literários","R$46,00"
"Moeda da Arte, A - A Dinâmica dos Campos Artístico e Econômico no Patrocínio",978-85-7480-653-2,Eduardo Fragoaz,"Política, Economia, Cultura","R$69,50"
Morte aos Papagaios,85-7480-265-4,Gustavo Piqueira,"Literatura brasileira, Design, Crônicas, Ilustrado","R$62,00"
Música do Parnaso,85-7480-312-X,"Manuel Botelho de Oliveira, Ivan Teixeira","Crítica literária, Poesia, Literatura portuguesa, Fac-símile","R$115,00"
Muita Sorte & Pouco Juízo,85-7480-106-2,José Roberto de Alencar,"Memória, Jornalismo, Ilustrado","R$36,00"
"Mulher no Escuro, A",978-85-7480-326-5,Cláudia Vasconcellos,"Literatura brasileira, Contos, Teatro","R$42,00"
Mulheres de Passagem,978-85-7480-733-1,M. A. Amaral Rezende,"Contos, Literatura","R$41,00"
Na Conquista do Brasil,85-7480-053-8,Donaldo Schüler,"Literatura brasileira, Crítica literária","R$52,00"
Na Madrugada das Formas Poéticas,85-7480-054-6,Segismundo Spina,"Idade média, Crítica literária, Poesia, Literatura medieval","R$36,00"
Na Pureza do Sacrilégio,978-85-7480-776-8,Carlos Cardoso,Poesia,"R$58,00"
Na Senda das Noites: Os Quatro Talismãs de Charles Nodier e Les mille et une nuits,978-85-7480-472-9,Christiane Damien,"Crítica literária, Literatura estrangeira, Cultura árabe","R$51,00"
Nações Literárias,978-85-7480-504-7,Wander Melo Miranda,Crítica literária,"R$52,00"
Narciso em Sacrifício - A Poética de Mário de Sá-Carneiro,85-7480-191-7,Fernando Paixão,"Crítica literária, Literatura portuguesa","R$48,00"
Nas Águas do Mesmo Rio,85-7480-311-1,Giselda Leirner,"Literatura brasileira, Romance","R$38,00"
"Nas Tramas da Ficção - História, Literatura e Leitura",978-85-7480-408-8,"Clóvis Gruner, Cláudio DeNipoti","Crítica literária, Literatura","R$52,00"
"Nebulosa, A",978-85-7480-782-9,Joaquim Manuel de Macedo,"Poesia, Literatura brasileira, Ilustrado","R$39,80"
Neguinho,978-85-7480-433-0,Guga Stroeter,"Literatura brasileira, Romance, Ilustrado","R$48,00"
Nós e as Palavras,978-85-7480-812-3,Luís Bueno,"Crítica literária, Teoria literária, Literatura","R$62,00"
No Fim das Terras,85-7480-260-3,Milton Torres,"Literatura brasileira, Poesia","R$76,00"
No Rastro de Afrodite - Plantas Afrodisíacas e Culinária,85-7480-232-8,Gil Felippe,"Ilustrado, Gastronomia, Culinária, Botânica","R$90,00"
Noel Rosa - O Humor na Canção,978-85-7480-580-1,Mayra Pinto,"Música, Crítica musical","R$39,00"
"Nome do Cuidado, O",978-85-7480-452-1,"Leo Lama, Paulo Hersch Rosenbaum","Medicina e Saúde, Cinema, Ilustrado","R$38,00"
Normas Gerais para os Trabalhos de Grau,85-7480-108-9,Segismundo Spina,"Comunicação, Escrita, Produção acadêmica","R$28,00"
Notícia Histórica da Vida e das Obras de José Haydn,85-7480-180-1,J. Le Breton,"Tradução, Música, Memória","R$34,00"
Novas Tecnologias - EGC Arquitetura,85-7480-220-4,Renato Schroeder,"Arquitetura, Ilustrado","R$25,00"
Nove Degraus para o Esquecimento,978-85-7480-761-4,Aguinaldo Gonçalves,"Ilustrado, Literatura brasileira, Poesia","R$82,00"
"Novelas, Espelhos e um Pouco de Choro",85-7480-052-X,Thelma Guedes,"Literatura brasileira, Contos","R$52,00"
"Noviço, O",978-85-7480-707-2,"José de Paula Ramos Jr., Martins Pena","Literatura brasileira, Teatro, Ilustrado","R$28,50"
Novos Poemas,978-85-7480-747-8,Carlos Vogt,"Poesia, Literatura","R$66,00"
O Azul e o Mar,978-85-7480-824-6,"Paul Valéry, Eduardo de Campos Valadares","Bilíngue, Literatura estrangeira, Poesia, Tradução","R$56,00"
O Hóspede,978-85-7480-798-0,Mario Higa,"Contos, Literatura brasileira","R$38,00"
O Língua,978-85-7480-818-5,Eromar Bomfim,"Romance, Literatura","R$40,00"
O Pai - 6a edição,978-85-7480-826-0,Dirce de Assis Cavalcanti,"Memória, Ilustrado, História, Biografia","R$48,00"
"O Que Aconteceu, Aconteceu",85-7480-023-6,Jacó Guinsburg,"Literatura brasileira, Contos","R$45,00"
O Que É Comunicação Poética,978-85-7480-561-0,Décio Pignatari,"Comunicação, Poesia, Ilustrado","R$36,00"
O Que É Um Livro?,978-85-7480-830-7,João Adolfo Hansen,"Livros sobre livros, História, Editoração, Bibliofilia","R$32,00"
O Um,85-85851-41-4,Bruno Verner,"Literatura brasileira, Poesia","R$48,00"
Octávio Brandão e as Matrizes Intelectuais do Marxismo no Brasil,978-85-7480-816-1,Felipe Castilho de Lacerda,"Ilustrado, História, Sociologia e Sociedade, Política","R$45,00"
Olga Savary - Erotismo e Paixão,978-85-7480-424-8,Marleine Paula Marcondes e Ferreira de Toledo,"Literatura brasileira, Crítica literária, Poesia","R$52,00"
Olhares Desatentos,978-85-7480-347-0,Sérgio Sesiki,"Literatura brasileira, Poesia, Contos, Crônicas, Cultura, Ilustrado","R$42,00"
Olhares Plausíveis,978-85-7480-435-4,Gregório Bacic,"Literatura brasileira, Contos","R$32,00"
"Olho Imóvel Pela Força da Harmonia, O",978-85-7480-270-1,William Wordsworth,"Poesia, Literatura estrangeira, Bilíngue, Tradução","R$49,50"
"Olho Vesgo, O",85-7480-080-5,Tiago Mussi,"Literatura brasileira, Contos","R$28,00"
Orestes,978-85-7480-766-9,"Eurípides, Trupersa - Trupe de Tradução de Teatro Antigo","Tradução, Cultura grega, Teatro, Literatura clássica, Bilíngue","R$47,00"
Orlando Furioso - Tomo I,978-85-7480-529-0,Ludovico Ariosto,"Cultura medieval, Idade média, Poesia, Bilíngue, Literatura clássica, Ilustrado, Tradução","R$138,00"
"Otelo Brasileiro de Machado de Assis, O",85-7480-093-7,Helen Caldwell,"Tradução, Literatura brasileira, Crítica literária","R$58,00"
"Outra Guerra do Fim do Mundo, A",978-85-7480-667-9,Osvaldo Coggiola,"Política, História, Sociologia e Sociedade, Ilustrado","R$48,00"
Outra Língua,978-85-7480-374-6,Henryk Siewierski,"Literatura brasileira, Poesia","R$36,00"
"Outro Lado do Vento, O",978-85-7480-528-3,Wassily Chuck,"Literatura brasileira, Poesia","R$46,00"
Ouvir o Som,85-7480-268-9,Paulo Zuben,Música,"R$54,00"
País em Branco,978-85-7480-375-3,Ricardo Rizzo,"Literatura brasileira, Poesia","R$36,00"
Pagu - Literatura e Revolução,85-7480-169-0,Thelma Guedes,"Literatura brasileira, Crítica literária, Biografia","R$48,00"
"Pai de Max Bauer e Outros Contos, O",978-85-7480-568-9,Marcos Rodrigues,"Literatura brasileira, Contos, Ilustrado","R$42,00"
Palavra e Rosto,978-85-7480-450-7,Fernando Paixão,"Literatura brasileira, Poesia, Ilustrado","R$58,00"
Palavra e Sombra - Ensaios de Crítica,978-85-7480-467-5,Arthur Nestrovski,"Literatura brasileira, Crítica literária, Literatura estrangeira","R$38,00"
Palmeirim de Inglaterra,978-85-7480-735-5,"Francisco de Moraes, Lênia Márcia Mongelli","Ilustrado, Romance, Literatura, Idade média, Cultura medieval, Literatura medieval, Literatura portuguesa","R$199,00"
Papel-Jornal - Artigos de Jornalismo Cultural,85-7480-025-2,Marcello Rollemberg,"Jornalismo, Cultura","R$36,00"
Paradeiro,978-85-7480-819-2,Luís Bueno,"Literatura, Romance","R$52,00"
Paratextos Editoriais,978-85-7480-458-3,Gérard Genette,"Editoração, Livros sobre livros","R$91,00"
Périplos,85-7480-277-8,Simone Homem de Mello,"Literatura brasileira, Poesia","R$52,00"
Parsona,978-85-7480-757-7,Adriano Scandolara,Poesia,"R$44,90"
"Parte da Tarde, A",85-7480-306-5,Fernando Paixão,"Literatura brasileira, Poesia, Ilustrado","R$56,00"
Pas de Politique Mariô! Mario Pedrosa e a Política,978-85-7480-768-3,Dainis Karepovs,"História, Política, Ilustrado","R$51,00"
Passos da Semiótica Tensiva,978-85-7480-844-4,Luiz Tatit,"Semiótica, Linguística, Comunicação","R$45,00"
"Pastorinhas de Pirenópolis-GO, As",978-85-7480-672-3,"Lênia Márcia Mongelli, Neide Rodrigues Gomes","Ilustrado, História, Religião, Teatro, Cultura","R$78,00"
Pétala de Lamparina,978-85-7480-525-2,Ricardo Lima,"Literatura brasileira, Poesia","R$30,00"
Paulinho da Viola e o Elogio do Amor,978-85-7480-745-4,Eliete Eça Negreiros,"Crítica musical, Música","R$48,00"
Pedras Pensadas,85-7480-143-7,Adolfo Montejo Navas,"Poesia, Literatura estrangeira, Bilíngue, Aforismos","R$53,00"
Pedro Nava e a Construção do Texto,85-7480-202-6,"Edina Panichi, Miguel Luiz Contani","Literatura brasileira, Crítica literária","R$48,00"
Pequeno Guia Histórico das Livrarias Brasileiras,978-85-7480-420-0,Ubiratan Machado,"Livros sobre livros, Memória, Cultura, Livrarias, Ilustrado","R$53,00"
"Pequeno Livro do Cerrado, O",85-7480-186-0,Gil Perini,"Literatura brasileira, Contos","R$34,00"
"Pequeno Pomo ou a História da Música do Pós-Modernismo, O",85-85851-46-5,Boudewijn Buckinx,"Música, Crítica musical","R$38,00"
Percursos pela África e por Macau,85-7480-276-X,Benilde Justo Caniato,"Crítica literária, Literatura africana","R$41,00"
"Perseu, Medusa & Camille Claudel - Sobre a Experiência de Captura Estética",978-85-7480-423-1,Ada Morgenstern,"Arte, Psicanálise e Psicologia, Ilustrado","R$58,00"
Philobiblon ou O Amigo do Livro,978-85-7480-368-5,Marcelo Castel Cid,"Idade média, Cultura medieval, Livros sobre livros, Bilíngue, Bibliofilia","R$53,00"
Pincelagens & Debuxos / Debuxos & Pincelagens,85-7480-266-2,Hélio Cabral,"Arte, Ilustração e pintura, Humor","R$78,00"
Pintura como Modelo para uma Filosofia da Expressão,978-85-7480-806-2,Ana Westphal,"Filosofia, Arte","R$39,00"
"Poema dos Lunáticos, O",85-7480-246-8,Ermanno Cavazzoni,"Romance, Literatura estrangeira, Tradução","R$60,00"
"Poema, O: Leitores e Leituras",85-7480-028-7,"Andrea Saad Hossne, Ivone Daré Rabello, Viviana Bosi, Cláudia Arruda Campos","Crítica literária, Literatura","R$38,00"
Poemas Reunidos,978-85-7480-509-2,"Mario Higa, Cesário Verde","Poesia, Literatura portuguesa","R$40,00"
"Poesia como Pintura, A - A Ekphrasis em Albano Martins",978-85-7480-699-0,Álvaro Cardoso Gomes,"Arte, Crítica literária, Poesia, Literatura portuguesa, Estudos Literários","R$42,00"
Poesia É Criação: Uma Antologia,978-85-7480-716-4,José de Almada Negreiros,"Ilustrado, Poesia, Literatura estrangeira, Teoria literária, Literatura portuguesa, Teatro","R$63,00"
Poesia Pois É Poesia,85-7480-119-4,Décio Pignatari,"Literatura brasileira, Poesia, Poesia concreta, Ilustrado","R$96,00"
Poesia Vista,85-7480-290-5,Joan Brossa,"Poesia, Literatura estrangeira, Bilíngue, Ilustrado","R$62,00"
Poesias,978-85-7480-400-2,Segismundo Spina,"Literatura brasileira, Poesia","R$38,00"
"Poetas Românticos, Críticos e Outros Loucos",85-7480-189-5,Charles Rosen,"Tradução, Crítica literária, Literatura","R$59,00"
Política Cultural e Economia da Cultura,978-85-7480-630-3,José Carlos Durand,"Política, Economia, Cultura","R$45,00"
Pontuação Circense,85-7480-035-X,Ésio Macedo,"Literatura brasileira, Poesia","R$32,00"
Por Minha Letra e Sinal - Documentos do Ouro do Século XVII,85-7480-303-0,"Heitor Megale, Sílvio de Almeida Toledo Neto","Idade média, Paleografia, História, Livros sobre livros, Linguística","R$86,00"
Por uma Nova Política - Uma Campanha na SBPC,85-7480-196-8,Renato Janine Ribeiro,"Política, Sociologia e Sociedade","R$42,00"
Porta-retratos,978-85-7480-725-6,Marise Hansen,"Literatura brasileira, Poesia","R$50,00"
Portanto... Pepetela,978-85-7480-457-6,"Rita Chaves, Tania Macêdo","Crítica literária, Literatura africana","R$54,00"
"Portas do Sonho, As",85-7480-096-1,Adélia Bezerra de Meneses,"Mitologia, Psicanálise e Psicologia, Cultura, Ilustrado","R$65,00"
Portos Flutuantes - Trânsitos Ibero-afro-americanos,85-7480-245-X,"Benjamin Abdala Jr., Marli Fantini Scarpelli","Literatura brasileira, Crítica literária, Literatura portuguesa, Literatura africana","R$58,00"
Porvir que Vem Antes de Tudo - Literatura e Cinema em Lavoura Arcaica,978-85-7480-585-6,Renato Tardivo,"Crítica literária, Psicanálise e Psicologia, Cinema","R$36,00"
Prelúdio da Metrópole - Arquitetura e Urbanismo em São Paulo na Passagem do Século XIX ao XX,85-7480-014-7,Hugo Segawa,"Arquitetura, Urbanismo, Patrimônio Histórico, Ilustrado","R$82,00"
Prenúncios e Vestígios,978-85-7480-695-2,Edward Lopes,"Literatura brasileira, Crítica literária","R$75,00"
Preservação do Patrimônio Arquitetônico da Industrialização,978-85-7480-814-7,Beatriz Mugayar Kühl,"Arquitetura, Restauração, Patrimônio Histórico, Ilustrado","R$92,00"
Primeiras Palavras,85-85851-88-0,Douglas Messerli,"Poesia, Literatura estrangeira, Bilíngue","R$28,00"
"Primórdios da Cerveja no Brasil, Os",85-7480-183-6,Sérgio de Paula Santos,"Gastronomia, História","R$26,00"
"Primo Basílio, O",978-85-7480-669-3,"Paulo Franchetti, Eça de Queirós","Romance, Literatura portuguesa, Ilustrado","R$44,50"
"Privilégios, Os",978-85-7480-591-7,"Jerusa Pires Ferreira, Stendhal","Literatura estrangeira, Contos, Tradução","R$25,00"
"Processos de Criação em À Sombra das Raparigas em Flor, Os",978-85-7480-732-4,Philippe Willemart,"Crítica literária, Literatura, Psicanálise e Psicologia, Teoria literária","R$48,00"
Produção Gráfica para Designers,978-85-7480-731-7,Mark Gatter,"Ilustrado, Livros sobre livros, Artes gráficas","R$148,00"
"Professor Riobaldo, O - Um Novo Místico da Poetagem",85-7480-320-0,Héctor Olea,"Literatura brasileira, Crítica literária","R$48,00"
"Proust, Poeta e Psicanalista",85-7480-024-4,Philippe Willemart,"Crítica literária, Literatura estrangeira, Psicanálise e Psicologia","R$52,00"
Psicolirismo da Terapia Cotidiana,978-85-7480-639-6,Rita Moutinho,Poesia,"R$51,00"
Quadragésimo,85-85851-79-1,Horácio Costa,"Literatura brasileira, Poesia","R$48,00"
"Quase Fim de Serapião Filogônio, O",978-85-7480-390-6,Jonas Rosa,"Literatura brasileira, Romance","R$36,00"
Quase Tudo,978-85-7480-530-6,Ecos Falsos,"Música, Biografia","R$30,00"
Quatro Ensaios sobre OSCAR NIEMEYER,978-85-7480-666-2,"Ingrid Quintana Guerrero, Paulo Bruna","Arquitetura, Restauração, Ilustrado, Urbanismo","R$58,00"
"Queda do Muro de Berlim e a Presentificação da História, A",85-7480-131-3,Flávia Bancher,"Política, História, Sociologia e Sociedade, Ilustrado","R$41,00"
"Questão da Ideologia no Círculo de Bakhtin, A",978-85-7480-760-7,Luiz Rosalvo Costa,"Comunicação, Filosofia, Ilustrado, Linguística","R$58,00"
Quincas Borba,978-85-7480-742-3,"Machado de Assis, Jean Pierre Chauvin","Ilustrado, Romance, Literatura brasileira","R$42,00"
Rabelais e Joyce - Três Leituras Menipeias,978-85-7480-313-5,Élide Valarini Oliver,"Crítica literária, Literatura estrangeira","R$42,00"
Rapid Departures,85-7480-308-1,Vincent Katz,"Tipografia, Poesia, Literatura estrangeira, Bilíngue, Ilustrado, Tradução","R$58,00"
Réu Confesso - Poemas Reunidos (1968-2010),978-85-7480-521-4,Luiz Meyer,"Literatura brasileira, Poesia","R$44,00"
Realidade & Ilusão em Machado de Assis,978-85-7480-410-1,José Aderaldo Castello,"Literatura brasileira, Crítica literária","R$45,00"
Realidade Possível: Dilemas da Ficção em Henry James e Machado de Assis,978-85-7480-626-6,Marcelo Pen Parreira,Crítica literária,"R$51,00"
Realidades e Ficções na Trama Fotográfica - 5ª Edição,978-85-7480-730-0,Boris Kossoy,"Fotografia, História","R$45,00"
Refluxos,978-85-7480-523-8,Edson Valente,"Literatura brasileira, Contos","R$28,00"
"Relíquia, A",978-85-7480-755-3,"Fernando Marcílio L. Couto, Eça de Queirós","Romance, Literatura portuguesa, Ilustrado","R$41,00"
Remorso do Cosmos,85-7480-197-6,Régis Bonvicino,"Literatura brasileira, Poesia","R$43,00"
René Thiollier - Obra e Vida do Grão-Senhor da Villa Fortunata e da Academia Paulista de Letras,978-85-7480-770-6,Valter Cesar Pinheiro,"Biografia, Crítica literária, Ilustrado, Literatura brasileira","R$54,00"
Repensando a Educação,978-85-7480-379-1,Geraldina Porto Witter,Educação e Pedagogia,"R$29,00"
Repensando o Partido Verde Brasileiro,85-7480-255-7,Tibor Rabóczkay,Política,"R$44,00"
República das Bicicletas,85-7480-199-2,Moacyr Godoy Moreira,"Literatura brasileira, Crônicas","R$50,00"
Resíduos,85-85851-23-6,David Oscar Vaz,"Literatura brasileira, Contos","R$35,00"
Resíduos Ensaísticos de uma Pós-Graduação,978-85-7480-517-7,Segismundo Spina,"Crítica literária, Teoria literária, Linguística","R$28,00"
Resposta,85-7480-279-4,Elisa Nazarian,"Literatura brasileira, Poesia","R$48,00"
Restauração,978-85-7480-632-7,E. E. Viollet-le-Duc,"Arquitetura, Restauração","R$35,00"
"Restauradores, Os",85-7480-112-7,Camillo Boito,"Arquitetura, Restauração","R$34,00"
Resumo do Dia,85-85851-11-2,Heitor Ferraz,"Literatura brasileira, Poesia","R$26,00"
"Retorno de Bennu, O",978-85-7480-803-1,Majela Colares,"Literatura brasileira, Poesia","R$43,00"
Retrato do Brasil em Cordel,978-85-7480-538-2,Mark Curran,"Livros sobre livros, Ilustrado, Literatura brasileira, Cultura, Cordel","R$98,00"
Revista de Estudos Orientais n° 4,(não possui),Depto. Letras Orientais USP,Literatura estrangeira,"R$58,00"
Revistas Científicas - Dos Processos Tradicionais às Perspectivas Alternativas de Comunicação,978-85-7480-571-9,"Geraldina Porto Witter, Dinah Aguiar Población, Lúcia Maria Costa Ramos, Vânia de Oliveira Funaro","Comunicação, Produção acadêmica","R$44,00"
Revistas na Era Pós-Verso,85-7480-222-0,Omar Khouri,"Crítica literária, Editoração, Poesia concreta, Ilustrado","R$38,00"
"Rio na Parede, O",978-85-7480-586-3,Gil Felippe,"Literatura brasileira, Contos","R$32,00"
Romance de Formação em Perspectiva Histórica - O Tambor de Lata de Günter Grass,85-85851-87-2,Marcus Vinicius Mazzari,"Crítica literária, Literatura estrangeira","R$46,00"
Rosa Luxemburgo: Crise e Revolução,978-85-7480-809-3,Rosa Rosa Gomes,"Política, História","R$63,00"
"Rosto da Memória, O",978-85-7480-690-7,Décio Pignatari,"Literatura brasileira, Contos","R$42,00"
Roteiro para um Narrador - Uma Leitura dos Contos de Rubem Fonseca,85-7480-020-1,Ariovaldo José Vidal,"Literatura brasileira, Crítica literária","R$44,00"
Rousseau e as Artes,978-85-7480-701-0,"Paulo Mugayar Kühl, Célia Gambini","Arte, Filosofia","R$45,00"
Ruídos Urbanos,978-85-7480-391-3,Moacyr Godoy Moreira,"Literatura brasileira, Contos, Ilustrado","R$38,00"
Rudimentos da Vida Coletiva,85-7480-137-2,Alcir Pécora,"Literatura brasileira, Romance","R$34,00"
Rumo à Vertigem ou A Arte de Naufragar-se,978-85-7480-717-1,Wassily Chuck,"Literatura brasileira, Poesia, Ilustrado","R$58,00"
Rupturas - Poemas em Busca de um Eixo,978-85-7480-569-6,Ana Maria Amaral,"Literatura brasileira, Poesia, Ilustrado","R$33,00"
"Sabedoria do Bibliotecário, A",978-85-7480-829-1,Michel Melot,"Livros sobre livros, Biblioteconomia","R$36,00"
Salvações no Nordeste - Política e Participação Popular,978-85-7480-573-3,Flávia Borges Pereira,"Política, História, Sociologia e Sociedade, Cordel","R$46,00"
"Sangue dos Dias Transparentes, O",85-7480-134-8,Paulo Franchetti,"Literatura brasileira, Contos","R$36,00"
"Sátira e o Engenho, A - Gregório de Matos e a Bahia do Século XVII",85-7480-136-4,João Adolfo Hansen,"Literatura brasileira, Crítica literária","R$79,50"
Sementes Aladas,978-85-7480-471-2,Percy Bysshe Shelley,"Poesia, Literatura estrangeira, Bilíngue, Tradução","R$56,00"
Semiótica & Literatura (8a. ed.),978-85-7480-778-2,Décio Pignatari,"Comunicação, Cultura, Literatura, Semiótica","R$46,00"
Semiótica da Arte e da Arquitetura,85-7480-206-9,Décio Pignatari,"Arte, Semiótica, Arquitetura, Ilustrado","R$41,00"
Semiótica à Luz de Guimarães Rosa,978-85-7480-397-5,Luiz Tatit,"Literatura brasileira, Crítica literária, Semiótica","R$48,00"
Serafim Ponte Grande e as Dificuldades da Crítica Literária,85-7480-036-8,Pascoal Farinaccio,"Literatura brasileira, Crítica literária","R$52,00"
"Sertões, Os - Campanha de Canudos",978-85-7480-785-0,"Leopoldo Bernucci, Euclides da Cunha","Literatura brasileira, Romance, Ilustrado","R$120,00"
Só (seguido de Despedidas),978-85-7480-463-7,"Annie Gisele Fernandes, Hélder Garmes, Antônio Nobre","Poesia, Literatura portuguesa, Ilustrado","R$42,00"
Sôbô - Uma Saga da Imigração Japonesa (2a. ed.),978-85-7480-833-8,Tatsuzô Ishikawa,"Memória, Romance, Literatura estrangeira, Ilustrado, Tradução","R$48,00"
Signos (em) Cena - Poemas | Ensaios,978-85-7480-515-3,Aguinaldo Gonçalves,"Arte, Literatura brasileira, Poesia, Ilustrado","R$78,00"
Silêncios de Água e Pedra,978-85-7480-388-3,Wassily Chuck,"Literatura brasileira, Poesia","R$46,00"
Silêncios no Escuro,978-85-7480-715-7,Maria Viana,"Contos, Literatura brasileira","R$38,00"
"Simbolismo dos Padrões Geométricos da Arte Islâmica, O",978-85-7480-367-8,Sylvia Leite,"Arte, Religião, Cultura islâmica, Ilustrado, Cultura árabe","R$53,00"
Sinais das Ideias,85-7480-317-0,Moacir Ferreira de Oliveira,"Literatura brasileira, Poesia","R$45,00"
Soalho de Tábua,978-85-7480-548-1,Moacyr Godoy Moreira,"Literatura brasileira, Contos, Ilustrado","R$35,00"
Sobre o Filme Lavour'Arcaica,85-7480-140-2,Luiz Fernando Carvalho,"Cinema, Entrevistas, Ilustrado","R$48,00"
Sociologia Brasileira Hoje,978-85-7480-772-0,"Carlos Benedito Martins, Sergio Miceli","Cidadania, Economia, Ilustrado, Política, Sociologia e Sociedade","R$68,00"
Sociologia Brasileira Hoje II,978-85-7480-810-9,"Sergio Miceli, Carlos Benedito Martins","Economia, Sociologia e Sociedade, Política","R$60,00"
Sociologia da Leitura,978-85-7480-507-8,"Mauro Gama, Chantal Horellou-Lafarge, Monique Segré","Tradução, Sociologia e Sociedade, Literatura, Cultura, Livrarias","R$48,00"
Sofia - Uma Ventania para Dentro / Sofia - Una Brisa para Dentro,85-7480-294-8,Sidney Rocha,"Literatura brasileira, Romance, Bilíngue","R$43,00"
Sombras da Percepção,978-85-7480-520-7,"Geoffrey Lynn, Aurora Fornoni Bernardini","Poesia, Literatura estrangeira, Bilíngue","R$38,00"
Sombras e Distâncias,85-7480-063-5,Egberto Penido,"Literatura brasileira, Poesia, Ilustrado","R$28,00"
Somente nos Cinemas,978-85-7480-836-9,Jorge Ialanji Filholini,"Literatura brasileira, Contos","R$42,00"
Sondas,85-85851-19-8,José de Paula Ramos Jr.,"Literatura brasileira, Poesia","R$42,00"
Sonetos de Camões,"9,79E+12","Carlos Cortez Minchillo, Izeti Fragata Torralvo, Luís de Camões","Poesia, Literatura portuguesa, Ilustrado","R$35,00"
Sudário,85-7480-330-8,Guiomar de Grammont,"Literatura brasileira, Contos","R$48,00"
São Paulo: Trânsitos,85-7480-297-2,Vincenzo Scarpellini,"Arte, Ilustração e pintura","R$26,00"
São Paulo: Vidas,85-7480-298-0,Vincenzo Scarpellini,"Arte, Ilustração e pintura","R$26,00"
"Teatro da Memória de Giulio Camillo, O",85-7480-296-4,Milton José de Almeida,"Arte, Teatro, Filosofia, Ilustrado","R$72,00"
Teatro de Animação,85-85851-25-2,Ana Maria Amaral,"Teatro, Ilustrado","R$38,00"
Teatro Russo - Literatura e Espetáculo,978-85-7480-567-2,"Arlete Cavalieri, Elena Vássina","Ilustrado, Crítica literária, Literatura estrangeira, Teatro","R$89,00"
Tempo Solto,978-85-7480-637-2,Amálio Pinheiro,"Literatura brasileira, Poesia","R$42,00"
"Tempo Vivo da Memória, O - Ensaios de Psicologia Social",978-85-7480-640-2,Ecléa Bosi,"Memória, Psicanálise e Psicologia, Sociologia e Sociedade","R$62,00"
"Tempos da Fotografia, Os - O Efêmero e o Perpétuo",978-85-7480-336-4,Boris Kossoy,"História, Fotografia, Ilustrado","R$55,00"
Teoria da Poesia Concreta - Textos Críticos e Manifestos (1950-1960),978-85-7480-678-5,"Décio Pignatari, Augusto de Campos, Haroldo de Campos","Literatura brasileira, Poesia, Teoria literária, Poesia concreta","R$68,00"
Teoria da Restauração,978-85-7480-631-0,Cesare Brandi,"Arquitetura, Restauração","R$62,00"
Teorias da Comunicação: Muitas ou Poucas?,978-85-7480-359-3,"Luiz C. Martino, Charles R. Berger, Robert T. Craig",Comunicação,"R$28,00"
"Terceiro Livro dos Fatos e Ditos Heroicos do Bom Pantagruel, O",85-7480-103-8,François Rabelais,"Romance, Literatura estrangeira, Ilustrado, Tradução","R$120,00"
Terceiro Tempo,978-85-7480-691-4,Décio Pignatari,"Literatura brasileira, Crônicas, História","R$38,00"
Território de Epidauro,85-7480-188-7,Pedro Nava,"Memória, Medicina e Saúde","R$58,00"
Til - Romance Brasileiro,978-85-7480-587-0,"Ivan Teixeira, José de Alencar","Literatura brasileira, Romance, Ilustrado","R$41,00"
Timbre,85-7480-242-5,Virgílio Maia,"Literatura brasileira, Poesia","R$35,00"
Tirant lo Blanc,85-7480-244-1,Joanot Martorell,"Romance, Ilustrado, Idade média, Literatura medieval, Cultura medieval","R$120,00"
"Todos Entoam - Ensaios, Conversas e Lembranças",978-85-7480-689-1,Luiz Tatit,"Música, Biografia","R$68,00"
Together 1996,85-85851-29-5,Régis Bonvicino,"Literatura brasileira, Poesia","R$28,00"
"Tolerância e o Intempestivo, A",85-7480-293-X,Edson Passetti,"Política, Sociologia e Sociedade, Religião, Filosofia","R$48,00"
Túnel do Tempo,978-85-7480-370-8,José Sebastião Witter,"Memória, Literatura brasileira, Jornalismo","R$38,00"
Traduzir o Poema,978-85-7480-628-0,Álvaro Faleiros,"Tradução, Teoria literária","R$48,00"
Tragédia Grega - O Mito em Cena,85-7480-187-9,Daisi Malhadas,"Mitologia, Teatro","R$38,00"
Trajetória de Paulo Emilio,978-85-7480-654-9,Adilson Mendes,"Cinema, Cultura","R$52,00"
Trajetória em Noite Escura,978-85-7480-562-7,Naoya Shiga,"Romance, Literatura estrangeira, Tradução","R$62,00"
Transliteração do Hebraico para Leitores Brasileiros,978-85-7480-646-4,Saul Kirschbaum,"Tradução, Editoração, Hebraico","R$18,00"
"Transmutação Metalinguística na Poética de Edgard Braga, A",978-85-7480-634-1,Beatriz Helena Ramos Amaral,"Literatura brasileira, Crítica literária, Poesia","R$46,00"
Transverso,978-85-7480-741-6,Marcos Pamplona,Poesia,"R$44,90"
Três Vezes Machado de Assis,978-85-7480-345-6,Ubiratan Machado,"Memória, Literatura brasileira, Crítica literária","R$28,00"
Travessias - D. João VI e o Mundo Lusófono,978-85-7480-665-5,Paulo Motta Oliveira,"Crítica literária, Literatura portuguesa, História","R$67,00"
"Trágica História do Dr. Fausto, A",978-85-7480-815-4,"Christopher Marlowe, Luís Bueno","Teatro, Literatura clássica, Bilíngue","R$128,00"
Tripé,85-85851-77-5,Rodrigo Lacerda,"Literatura brasileira, Contos","R$46,00"
Triste Fim de Policarpo Quaresma,978-85-7480-704-1,"Gustavo Martins, Lima Barreto, Ivan Teixeira","Literatura brasileira, Romance, Ilustrado","R$38,00"
Tropicália: Alegoria Alegria,85-85851-03-1,Celso Favaretto,"Música, Crítica musical","R$53,00"
TV Digital.Br: Conceitos e Estudos sobre o ISDB-Tb,978-85-7480-455-2,"S. Squirra, Valdecir Becker","Comunicação, Televisão, Ilustrado","R$48,00"
Um Amor Literário,85-7480-305-7,Letícia Malard,"Literatura brasileira, Romance","R$38,00"
Um Canto,85-85851-33-3,Cacá Moreira de Souza,"Literatura brasileira, Poesia","R$52,00"
Um Lance de Dados,978-85-7480-767-6,"Álvaro Faleiros, Stéphane Mallarmé","Poesia, Literatura estrangeira, Bilíngue, Tradução","R$52,00"
Uma Lua em Paris,85-85851-17-1,M. A. Amaral Rezende,"Ilustrado, Literatura brasileira, Romance","R$38,00"
"Urna, A",85-7480-019-8,David Oscar Vaz,"Literatura brasileira, Contos","R$38,00"
Vanguardas: Brasil & Itália,85-7480-157-7,Lúcia Wataghin,"Crítica literária, Arquitetura, Cultura","R$54,00"
Várias Histórias,978-85-7480-441-5,"José de Paula Ramos Jr., Machado de Assis","Literatura brasileira, Contos, Ilustrado","R$38,00"
Velho é o Espelho,978-85-7480-372-2,Maria de Lourdes Ferreira Alves,"Literatura brasileira, Poesia","R$46,00"
"Velho Chico ou A Vida é Amável, O",85-85851-57-0,Dirce de Assis Cavalcanti,Memória,"R$48,00"
Velhos Amigos,978-85-7480-841-3,Ecléa Bosi,"Literatura brasileira, Memória, Contos, Crônicas, Ilustrado","R$43,00"
Vermelho,85-7480-039-2,Aguinaldo Gonçalves,"Ilustrado, Literatura brasileira, Poesia","R$56,00"
Viagem a um Deserto Interior,978-85-7480-711-9,Leila Guenther,"Literatura brasileira, Poesia, Ilustrado","R$42,00"
"Viagem ao Egito, Jordânia e Israel",85-7480-241-7,Pedro Nava,"Memória, Literatura brasileira, Ilustrado","R$28,00"
Viagem de Joseph Língua,978-85-7480-448-4,Pedro Américo de Farias,"Literatura brasileira, Romance","R$27,00"
Viagem Magnética,978-85-7480-687-7,Décio Pignatari,"Literatura brasileira, Teatro","R$32,00"
Viagens na Minha Terra,978-85-7480-592-4,"Ivan Teixeira, Almeida Garrett","Romance, Literatura portuguesa, Ilustrado","R$38,00"
Vida e Morte de M. J. Gonzaga de Sá,978-85-7480-765-2,"Marcos Scheffel, Lima Barreto","Ilustrado, Literatura brasileira, Romance","R$41,00"
Vidas de Dante - Escritos Biográficos dos Séculos XIV e XV,978-85-7480-533-7,Eduardo Henrik Aubert,"Biografia, História","R$40,50"
Vitrola dos Ausentes,85-7480-269-7,Paulo Ribeiro,"Literatura brasileira, Romance","R$36,00"
Viva Vaia - Poesia 1949-1979,978-85-7480-688-4,Augusto de Campos,"Literatura brasileira, Poesia, Poesia concreta, Ilustrado","R$160,00"
Vocabulário Português-Nheengatu - Nheengatu-Português,978-85-7480-638-9,E. Stradelli,"Dicionário, Linguística","R$83,00"
"Voo Noturno das Galinhas, O",85-7480-323-5,Leila Guenther,"Literatura brasileira, Contos","R$38,00"
"Voz e o Tempo, A - Reflexões para Jovens Terapeutas",978-85-7480-552-8,Roberto Gambini,"Psicanálise e Psicologia, Ilustrado","R$68,00"
"Voz na Canção Popular Brasileira, A - Um Estudo sobre a Vanguarda Paulista",978-85-7480-543-6,Regina Machado,"Música, Crítica musical","R$31,00"
"Voz que Canta na Voz que Fala, A - Poética e Política na Trajetória de Gilberto Gil",978-85-7480-718-8,Pedro Henrique Varoni de Carvalho,"Música, Crítica musical","R$62,00"
Vão-se os Dias e Eu Fico,978-85-7480-451-4,Edson Nery da Fonseca,"Memória, Biblioteconomia, Ilustrado","R$39,00"
William Morris - Sobre as Artes do Livro,978-85-7480-845-1,"William Morris, Gustavo Piqueira","Editoração, Livros sobre livros, Ilustrado, Design, Artes gráficas","R$160,00"
Wright  Artigas - Duas Viagens,85-7480-086-4,Adriana Irigoyen,"Arquitetura, Ilustrado","R$78,00"
Yaser,978-85-7480-813-0,Eda Nagayama,"Romance, Ilustrado, Bilíngue, Literatura, Política","R$45,00"
Zé Ferino,85-85851-98-8,Rodrigo Penteado,"Literatura brasileira, Romance, Ilustrado","R$34,00"